id,created,updated,filename,extension,mimeType,width,height,aspectRatio,bytes,hasAlpha,dominant,vibrant,muted,references,sourceTypes,sourceDocs,url
image-dd3887a25ee5bd6f0ed9823b2c787d1a0fdbdf36-1200x630-jpg,2025-05-20T16:57:51Z,2025-05-20T16:57:51Z,og.jpg,jpg,image/jpeg,1200,630,1.9047619047619047,172666,false,#4c64d4,#4c64d4,#7d80b6,0,,,https://cdn.sanity.io/images/e5fj2khm/production/dd3887a25ee5bd6f0ed9823b2c787d1a0fdbdf36-1200x630.jpg
image-3191089c1a311b63251fbe2be0a4158f5c6f4fbe-60x60-png,2025-05-21T19:55:47Z,2025-05-21T19:55:47Z,@ryanh.png,png,image/png,60,60,1,7813,true,#332220,#244ec4,#a28173,0,,,https://cdn.sanity.io/images/e5fj2khm/production/3191089c1a311b63251fbe2be0a4158f5c6f4fbe-60x60.png
image-4645a0c80e69e1c4b9a2442d4584f09478fa3a91-60x60-png,2025-05-21T20:05:41Z,2025-05-21T20:05:41Z,@milkjuus.png,png,image/png,60,60,1,10134,true,#916f57,#849ccc,#916f57,0,,,https://cdn.sanity.io/images/e5fj2khm/production/4645a0c80e69e1c4b9a2442d4584f09478fa3a91-60x60.png
image-c46892a8e0f30187072b62d7fd199317ef7ca72b-60x60-png,2025-05-21T20:06:12Z,2025-05-21T20:06:12Z,Abby.png,png,image/png,60,60,1,11164,true,#552e21,#b44420,#967f72,0,,,https://cdn.sanity.io/images/e5fj2khm/production/c46892a8e0f30187072b62d7fd199317ef7ca72b-60x60.png
image-2b4ec2845eb8a39a20cdfeb0d51882628c4cd36c-512x512-png,2025-05-21T20:07:31Z,2025-05-21T20:07:31Z,TMBRUP2KE-U08G23CTR6K-09a6075cbfe2-512.png,png,image/png,512,512,1,58724,false,#444444,#7f7f7f,#848484,0,,,https://cdn.sanity.io/images/e5fj2khm/production/2b4ec2845eb8a39a20cdfeb0d51882628c4cd36c-512x512.png
image-77fba402ae1c1a1c27f1a4669df64255a9307458-400x400-jpg,2025-05-21T20:08:15Z,2025-05-21T20:08:15Z,Mk-uUxLi_400x400.jpg,jpg,image/jpeg,400,400,1,46407,false,#f0dccb,#8e3d1e,#947b66,0,,,https://cdn.sanity.io/images/e5fj2khm/production/77fba402ae1c1a1c27f1a4669df64255a9307458-400x400.jpg
image-acb4b7fb6651b0cff4856a56ff732209dce466e9-500x400-png,2025-05-22T02:42:42Z,2025-05-22T02:42:42Z,Vignette.png,png,image/png,500,400,1.25,78970,true,#89addb,#89addb,#7b7a61,0,,,https://cdn.sanity.io/images/e5fj2khm/production/acb4b7fb6651b0cff4856a56ff732209dce466e9-500x400.png
image-72d827e98c98cfce2ffaf90245775f69b97dbb75-265x156-png,2025-05-22T02:43:29Z,2025-05-22T02:43:29Z,vignette-thumbnail.png,png,image/png,265,156,1.6987179487179487,33284,true,#812b1d,#518fc2,#447097,4,useCase,Write | Learn | Shop | Plan,https://cdn.sanity.io/images/e5fj2khm/production/72d827e98c98cfce2ffaf90245775f69b97dbb75-265x156.png
image-f4ce1cfbc7ecee655a12fdb63e92000a6dd9d81f-1200x800-png,2025-05-22T17:14:16Z,2025-05-22T17:14:16Z,Vignette.png,png,image/png,1200,800,1.5,426689,true,#b7cee0,#06c0f8,#888161,1,useCase,Shop,https://cdn.sanity.io/images/e5fj2khm/production/f4ce1cfbc7ecee655a12fdb63e92000a6dd9d81f-1200x800.png
image-fc608c92ff9970a314c63ab3eb5c1e0ebdb09d43-1040x588-png,2025-05-28T18:32:27Z,2025-05-28T18:32:27Z,Scrim.png,png,image/png,1040,588,1.7687074829931972,357469,true,#d64743,#d64743,#677ba1,0,,,https://cdn.sanity.io/images/e5fj2khm/production/fc608c92ff9970a314c63ab3eb5c1e0ebdb09d43-1040x588.png
image-84461eff3632abfe6522fe3e2bbbff060f86b21b-1160x683-png,2025-05-29T15:46:36Z,2025-05-29T15:46:36Z,Infographic.png,png,image/png,1160,683,1.698389458272328,214006,true,#e49cca,#e84618,#ac889e,0,,,https://cdn.sanity.io/images/e5fj2khm/production/84461eff3632abfe6522fe3e2bbbff060f86b21b-1160x683.png
image-157a76b5db686145c5f697fb62512df0041a90fd-412x412-svg,2025-05-29T20:31:06Z,2025-05-29T20:31:06Z,512x512.svg,svg,image/svg+xml,412,412,1,3364161,true,#bacae0,#fc941c,#ac5e78,0,,,https://cdn.sanity.io/images/e5fj2khm/production/157a76b5db686145c5f697fb62512df0041a90fd-412x412.svg
image-623621574f3c89fa7e196d1c382ffe96f52948c2-1828x1828-png,2025-06-03T21:34:11Z,2025-06-03T21:34:11Z,headshot crop.png,png,image/png,1828,1828,1,2853031,false,#744934,#b45434,#a37156,3,socialTestimonial,Quinn | Dena | Hosanna's friend,https://cdn.sanity.io/images/e5fj2khm/production/623621574f3c89fa7e196d1c382ffe96f52948c2-1828x1828.png
image-9769c60e87107a87247ba7be0d5d19f2bcf7ebcd-1056x556-png,2025-06-04T14:59:36Z,2025-06-04T14:59:36Z,Screenshot 2025-06-04 at 10.59.15 AM.png,png,image/png,1056,556,1.8992805755395683,427001,true,#fcfcf4,#c8c836,#84847c,0,,,https://cdn.sanity.io/images/e5fj2khm/production/9769c60e87107a87247ba7be0d5d19f2bcf7ebcd-1056x556.png
image-3708ae55923793b0b608b53ab7d118c8d38c92bd-2044x1314-png,2025-06-04T15:08:37Z,2025-06-04T15:08:37Z,Screenshot 2025-06-04 at 11.08.15 AM.png,png,image/png,2044,1314,1.5555555555555556,500844,true,#b2b2b2,#c8c836,#84847c,0,,,https://cdn.sanity.io/images/e5fj2khm/production/3708ae55923793b0b608b53ab7d118c8d38c92bd-2044x1314.png
image-f1e70a4c2a615492db22b8b3a3dc7bacd6534d2a-512x512-png,2025-06-05T14:23:06Z,2025-06-05T14:23:06Z,512x512.png,png,image/png,512,512,1,115819,true,#f5a04f,#f5a04f,#b05f77,0,,,https://cdn.sanity.io/images/e5fj2khm/production/f1e70a4c2a615492db22b8b3a3dc7bacd6534d2a-512x512.png
image-bde9b5d0aa0c402ca02edf0960500b05bc12383f-256x256-png,2025-06-05T14:27:22Z,2025-06-05T14:27:22Z,Prod.png,png,image/png,256,256,1,36359,true,#f9dc71,#f0983c,#6585b6,0,,,https://cdn.sanity.io/images/e5fj2khm/production/bde9b5d0aa0c402ca02edf0960500b05bc12383f-256x256.png
image-383f2dbe9cd4657b6b2bd792b5619394449557f5-222x222-png,2025-06-05T14:28:11Z,2025-06-05T14:28:11Z,Prod.png,png,image/png,222,222,1,35529,true,#f6ae5a,#f6ae5a,#525864,1,downloadPage,downloadPage,https://cdn.sanity.io/images/e5fj2khm/production/383f2dbe9cd4657b6b2bd792b5619394449557f5-222x222.png
image-10c431ca753e15f6e8e7f016cec15cb0316b6220-2316x3088-jpg,2025-06-05T15:35:17Z,2025-06-05T15:35:17Z,image0 (1).jpeg,jpg,image/jpeg,2316,3088,0.75,2145187,false,#98816e,#c9524b,#98816e,1,socialTestimonial,Pedro,https://cdn.sanity.io/images/e5fj2khm/production/10c431ca753e15f6e8e7f016cec15cb0316b6220-2316x3088.jpg
image-c149f476194a718b6a5f2d72cc7f37d762b4bf87-1080x1080-png,2025-06-05T15:36:28Z,2025-06-05T15:36:28Z,IMG_20250604_010906_117.png,png,image/png,1080,1080,1,306530,false,#b8b8b8,#7f7f7f,#848484,0,,,https://cdn.sanity.io/images/e5fj2khm/production/c149f476194a718b6a5f2d72cc7f37d762b4bf87-1080x1080.png
image-a4737539e727e6ac3a87f7bad6b57c20047192d2-512x512-png,2025-06-05T15:38:10Z,2025-06-05T15:38:10Z,T01PEP3DYAF-U08AUQ54KP1-0e2362791c79-512.png,png,image/png,512,512,1,396540,false,#9f865a,#3ca4c4,#9f865a,1,socialTestimonial,Vitus,https://cdn.sanity.io/images/e5fj2khm/production/a4737539e727e6ac3a87f7bad6b57c20047192d2-512x512.png
image-99a42361a64d343f8fdc2c1f973ee0cb87d07615-510x512-png,2025-06-05T15:38:35Z,2025-06-05T15:38:35Z,T01PEP3DYAF-U087MTJ55HU-e8b90ab68402-512.png,png,image/png,510,512,0.99609375,163648,false,#5e3e2a,#ad6844,#9f6f53,0,,,https://cdn.sanity.io/images/e5fj2khm/production/99a42361a64d343f8fdc2c1f973ee0cb87d07615-510x512.png
image-b04142c9c497f827215ce0576354f7fac5cb5ab8-2400x1260-png,2025-06-05T17:06:42Z,2025-06-05T17:06:42Z,dia-opengraph.png,png,image/png,2400,1260,1.9047619047619047,62287,true,#607caa,#f2a25c,#607caa,8,downloadPage | globalConfig | helpPage | privacyPage,downloadPage | globalConfig | helpPage | Privacy,https://cdn.sanity.io/images/e5fj2khm/production/b04142c9c497f827215ce0576354f7fac5cb5ab8-2400x1260.png
image-1709d4caff9675a301a1e826a7a38431c04894fb-506x363-png,2025-06-05T18:39:54Z,2025-06-05T18:39:54Z,Image container.png,png,image/png,506,363,1.393939393939394,14555,true,#7a7a7a,#7f7f7f,#7a7a7a,0,,,https://cdn.sanity.io/images/e5fj2khm/production/1709d4caff9675a301a1e826a7a38431c04894fb-506x363.png
image-51b9e1c078ae17e192da12278e42f45e14d451a1-510x512-png,2025-06-05T21:19:30Z,2025-06-05T21:19:30Z,carly-headshot.png,png,image/png,510,512,0.99609375,200541,true,#7c5742,#ba876a,#aa6e59,1,socialTestimonial,Carly,https://cdn.sanity.io/images/e5fj2khm/production/51b9e1c078ae17e192da12278e42f45e14d451a1-510x512.png
image-89362977a48aadda85f62b15df373a8647edd9bd-800x320-png,2025-06-05T21:23:03Z,2025-06-05T21:23:03Z,3.png,png,image/png,800,320,2.5,263939,true,#d5d3b8,#1464f2,#6287ac,0,,,https://cdn.sanity.io/images/e5fj2khm/production/89362977a48aadda85f62b15df373a8647edd9bd-800x320.png
image-536259a229bfb91658c16dbe0cb6d91efdc38647-1600x640-png,2025-06-05T21:25:51Z,2025-06-05T21:25:51Z,3.png,png,image/png,1600,640,2.5,932211,true,#f4e485,#1464eb,#547cac,0,,,https://cdn.sanity.io/images/e5fj2khm/production/536259a229bfb91658c16dbe0cb6d91efdc38647-1600x640.png
image-a85fe72182ca50d09f15a8ec9afef7caf5bfe5c0-1600x640-png,2025-06-09T04:27:18Z,2025-06-09T04:27:18Z,privacy section.png,png,image/png,1600,640,2.5,746017,true,#d5d3b7,#0f76de,#51677f,0,,,https://cdn.sanity.io/images/e5fj2khm/production/a85fe72182ca50d09f15a8ec9afef7caf5bfe5c0-1600x640.png
image-88f178981fc52f44d99bd0e1a71150d18853362f-3200x1280-png,2025-06-09T04:30:12Z,2025-06-09T04:30:12Z,privacy section @2x.png,png,image/png,3200,1280,2.5,2662599,true,#d4d3b7,#34b4fc,#748193,1,homePage,homePage,https://cdn.sanity.io/images/e5fj2khm/production/88f178981fc52f44d99bd0e1a71150d18853362f-3200x1280.png
image-224e62ee0cc323b1d50fe1407dcab3333e27a33e-480x400-png,2025-06-09T05:43:42Z,2025-06-09T05:43:42Z,writing_thumbnail.png,png,image/png,480,400,1.2,48044,true,#fbf393,#ecea72,#9e9750,1,useCase,Write,https://cdn.sanity.io/images/e5fj2khm/production/224e62ee0cc323b1d50fe1407dcab3333e27a33e-480x400.png
image-e251059b4b41f8e5c05cc26907a35a99ab570000-480x400-png,2025-06-09T05:44:47Z,2025-06-09T05:44:47Z,learning_thumbnail.png,png,image/png,480,400,1.2,68916,true,#ece4dd,#dc8b22,#7c786c,1,useCase,Learn,https://cdn.sanity.io/images/e5fj2khm/production/e251059b4b41f8e5c05cc26907a35a99ab570000-480x400.png
image-d590cc3117793853c2c2258e90ee88d3fac67baf-480x400-png,2025-06-09T05:45:35Z,2025-06-09T05:45:35Z,planning_thumbnail.png,png,image/png,480,400,1.2,88417,true,#cad7e7,#f41050,#a4505e,1,useCase,Plan,https://cdn.sanity.io/images/e5fj2khm/production/d590cc3117793853c2c2258e90ee88d3fac67baf-480x400.png
image-6222ba08a4cb1543e49359f2d90523d07eb3adad-400x400-png,2025-06-09T05:46:02Z,2025-06-09T05:46:02Z,shopping_thumbnail.png,png,image/png,400,400,1,177617,true,#abbacc,#3666c8,#667a94,1,useCase,Shop,https://cdn.sanity.io/images/e5fj2khm/production/6222ba08a4cb1543e49359f2d90523d07eb3adad-400x400.png
image-c31c3fa56d4db8ffc90889f185b646bfc0b6818d-1080x1080-png,2025-06-09T06:10:52Z,2025-06-09T06:10:52Z,mohaned.png,png,image/png,1080,1080,1,169166,true,#444444,#7f7f7f,#7c7c7c,0,,,https://cdn.sanity.io/images/e5fj2khm/production/c31c3fa56d4db8ffc90889f185b646bfc0b6818d-1080x1080.png
image-ff3d3ce23295f73be740264cc3d9ecc5b09fffcf-1081x1080-png,2025-06-09T06:12:52Z,2025-06-09T06:12:52Z,mohaned.png,png,image/png,1081,1080,1.000925925925926,175822,true,#444444,#7f7f7f,#7c7c7c,1,socialTestimonial,Mohaned,https://cdn.sanity.io/images/e5fj2khm/production/ff3d3ce23295f73be740264cc3d9ecc5b09fffcf-1081x1080.png
image-4f16ada5ff75c00bc79003e4298f29f5c426c2da-351x351-jpg,2025-06-09T16:21:06Z,2025-06-09T16:21:06Z,1516539048699-1.jpg,jpg,image/jpeg,351,351,1,26996,false,#6c300e,#ce140b,#986351,1,socialTestimonial,Kimberly,https://cdn.sanity.io/images/e5fj2khm/production/4f16ada5ff75c00bc79003e4298f29f5c426c2da-351x351.jpg
image-0c19c095c3e46d53940879164e70a12e53cf43d3-1518x966-png,2025-06-09T19:57:08Z,2025-06-09T19:57:08Z,diagram.png,png,image/png,1518,966,1.5714285714285714,55052,true,#797979,#7f7f7f,#797979,0,,,https://cdn.sanity.io/images/e5fj2khm/production/0c19c095c3e46d53940879164e70a12e53cf43d3-1518x966.png
image-67301df00ffe6585307824399f44a3cf640afc9f-1200x630-png,2025-06-10T19:55:33Z,2025-06-10T19:55:33Z,link preview (1) (1).png,png,image/png,1200,630,1.9047619047619047,214549,false,#4b4a4b,#f44ccc,#b474a4,0,,,https://cdn.sanity.io/images/e5fj2khm/production/67301df00ffe6585307824399f44a3cf640afc9f-1200x630.png
image-121901385282d1dc844976d497ff76d4791f6f61-1280x720-png,2025-06-11T01:48:32Z,2025-06-11T01:48:32Z,thumb.png,png,image/png,1280,720,1.7777777777777777,1731410,true,#a2895f,#b7682f,#a2895f,0,,,https://cdn.sanity.io/images/e5fj2khm/production/121901385282d1dc844976d497ff76d4791f6f61-1280x720.png
image-4ed0293adef52f5736c2e0f2a59d50374f2f0424-400x400-png,2025-06-11T15:15:16Z,2025-06-11T15:15:16Z,IMG_0068.png,png,image/png,400,400,1,246122,false,#79041e,#719fcd,#5a75a2,1,socialTestimonial,Los,https://cdn.sanity.io/images/e5fj2khm/production/4ed0293adef52f5736c2e0f2a59d50374f2f0424-400x400.png
image-3b43597691b31efbfd054265efb72b29cb41dca8-512x288-png,2025-06-13T14:31:18Z,2025-06-13T14:31:18Z,Commercial_Thumbnail.png,png,image/png,512,288,1.7777777777777777,273596,true,#a08058,#8e552b,#a08058,2,homePage,homePage,https://cdn.sanity.io/images/e5fj2khm/production/3b43597691b31efbfd054265efb72b29cb41dca8-512x288.png
image-e54f508db7353f419a6e50be6016ce12451c711c-48x48-png,2025-06-30T15:15:46Z,2025-06-30T15:15:46Z,devinlewtan.png,png,image/png,48,48,1,4397,true,#ce4735,#ce4735,#849cba,0,,,https://cdn.sanity.io/images/e5fj2khm/production/e54f508db7353f419a6e50be6016ce12451c711c-48x48.png
image-02a7628c3629edef11c5dda8f6512e3bfa990a28-400x400-jpg,2025-07-02T02:25:55Z,2025-07-02T02:25:55Z,coleb.jpg,jpg,image/jpeg,400,400,1,21823,false,#584733,#bc6a48,#9f865f,1,skillAuthor,heycoleb,https://cdn.sanity.io/images/e5fj2khm/production/02a7628c3629edef11c5dda8f6512e3bfa990a28-400x400.jpg
image-cfd2656b07fd045b1b2531121b7235115dbdcf6d-400x400-jpg,2025-07-02T02:31:15Z,2025-07-02T02:31:15Z,anthonyw.jpg,jpg,image/jpeg,400,400,1,27099,false,#fcb43c,#fcb43c,#a87255,1,skillAuthor,anthonywu,https://cdn.sanity.io/images/e5fj2khm/production/cfd2656b07fd045b1b2531121b7235115dbdcf6d-400x400.jpg
image-46de620761c4b7bde4c498883bbcd8c9183db162-400x400-jpg,2025-07-02T02:36:00Z,2025-07-02T02:36:00Z,tanduyha.jpg,jpg,image/jpeg,400,400,1,23318,false,#c28773,#c28773,#a07263,1,skillAuthor,tanduyha,https://cdn.sanity.io/images/e5fj2khm/production/46de620761c4b7bde4c498883bbcd8c9183db162-400x400.jpg
image-6ce0cb814078f7674fb7a553f555f90f7f0ee937-400x400-jpg,2025-07-02T03:16:39Z,2025-07-02T03:16:39Z,devin.jpg,jpg,image/jpeg,400,400,1,27924,false,#4d3722,#c39578,#8f7157,1,skillAuthor,devinlewtan,https://cdn.sanity.io/images/e5fj2khm/production/6ce0cb814078f7674fb7a553f555f90f7f0ee937-400x400.jpg
image-5b2d4f9a8fce4be1e8cfae0c5ee410cd175cb6a0-400x400-jpg,2025-07-02T03:19:04Z,2025-07-02T03:19:04Z,patrick.jpeg,jpg,image/jpeg,400,400,1,10976,false,#f4b4d4,#d094b5,#945474,1,skillAuthor,patrickmoberg,https://cdn.sanity.io/images/e5fj2khm/production/5b2d4f9a8fce4be1e8cfae0c5ee410cd175cb6a0-400x400.jpg
image-9bb4276c4975f7036f8c364a3db447a00ac2b7de-400x400-png,2025-07-02T03:26:57Z,2025-07-02T03:26:57Z,EF5DO8og_400x400.png,png,image/png,400,400,1,137458,true,#acacac,#7f7f7f,#7c7c7c,1,skillAuthor,castashuman,https://cdn.sanity.io/images/e5fj2khm/production/9bb4276c4975f7036f8c364a3db447a00ac2b7de-400x400.png
image-4fc14e9955d55630002950b9a907a83c8f65cae8-400x400-jpg,2025-07-02T03:33:47Z,2025-07-02T03:33:47Z,danshipper.jpg,jpg,image/jpeg,400,400,1,27014,false,#8e735d,#be855a,#8e735d,1,skillAuthor,danshipper,https://cdn.sanity.io/images/e5fj2khm/production/4fc14e9955d55630002950b9a907a83c8f65cae8-400x400.jpg
image-93ab2c9fe21e1aa1b74365e57b72625296f5da2e-1172x720-jpg,2025-07-02T13:31:38Z,2025-07-02T13:31:38Z,0V3gTZn0TK4PPqVj.jpg,jpg,image/jpeg,1172,720,1.6277777777777778,81447,false,#8c7d7e,#eb3775,#8c7d7e,1,skill,smartshopper-tanduyha,https://cdn.sanity.io/images/e5fj2khm/production/93ab2c9fe21e1aa1b74365e57b72625296f5da2e-1172x720.jpg
image-302be4df36fa7eb0fb06d93f1b85c6de0efeb9e8-1172x2047-jpg,2025-07-02T13:32:10Z,2025-07-02T13:32:10Z,Gua-B2AbEAMzd5q.jpeg,jpg,image/jpeg,1172,2047,0.5725451880801172,275680,false,#040c0c,#3fbfbf,#7c847e,0,,,https://cdn.sanity.io/images/e5fj2khm/production/302be4df36fa7eb0fb06d93f1b85c6de0efeb9e8-1172x2047.jpg
image-26b8ff494ceccfd93d865d43095aa9517f322279-1414x1948-jpg,2025-07-02T13:32:44Z,2025-07-02T13:32:44Z,GtP0-i6WwAAorxl.jpeg,jpg,image/jpeg,1414,1948,0.7258726899383984,165850,false,#f1e496,#e4cc7c,#6aa08c,0,,,https://cdn.sanity.io/images/e5fj2khm/production/26b8ff494ceccfd93d865d43095aa9517f322279-1414x1948.jpg
image-0ae13406f7893af1055ff2227bcfdf9cf7d1749d-400x400-jpg,2025-07-09T15:16:41Z,2025-07-09T15:16:41Z,joshtwitter.jpg,jpg,image/jpeg,400,400,1,13652,false,#98817b,#cc978c,#98817b,1,skillAuthor,joshm,https://cdn.sanity.io/images/e5fj2khm/production/0ae13406f7893af1055ff2227bcfdf9cf7d1749d-400x400.jpg
image-33f0c91f0216c63f443b76ea9f18f1aca5c063a1-400x400-jpg,2025-07-10T03:11:42Z,2025-07-10T03:11:42Z,webguy.jpg,jpg,image/jpeg,400,400,1,28998,false,#1e5c75,#1aa6b8,#459997,1,skillAuthor,web__guy,https://cdn.sanity.io/images/e5fj2khm/production/33f0c91f0216c63f443b76ea9f18f1aca5c063a1-400x400.jpg
image-89c04f18f1b4644284a26ebcd079ad175386a40a-400x400-jpg,2025-07-15T15:02:21Z,2025-07-15T15:02:21Z,W2AgOOBk_400x400.jpg,jpg,image/jpeg,400,400,1,21795,false,#f0cab1,#bc5c4c,#96715f,1,skillAuthor,pierbapt,https://cdn.sanity.io/images/e5fj2khm/production/89c04f18f1b4644284a26ebcd079ad175386a40a-400x400.jpg
image-4150d4adf03916928e84c2744bde406381a1e7fe-1500x500-jpg,2025-07-15T15:03:25Z,2025-07-15T15:03:25Z,1500x500.jpeg,jpg,image/jpeg,1500,500,3,125798,false,#1a4cae,#1a4cae,#133a85,0,,,https://cdn.sanity.io/images/e5fj2khm/production/4150d4adf03916928e84c2744bde406381a1e7fe-1500x500.jpg
image-f6b2d15ff9ba82a78f9eda95fbe33422537faeff-3440x2440-jpg,2025-07-15T15:07:23Z,2025-07-15T15:07:23Z,kyleReaseNotesExample.jpeg,jpg,image/jpeg,3440,2440,1.4098360655737705,628366,false,#1e473a,#4bb392,#7a8489,1,skill,github-release-notes-kyle,https://cdn.sanity.io/images/e5fj2khm/production/f6b2d15ff9ba82a78f9eda95fbe33422537faeff-3440x2440.jpg
image-7227b1f54fa5204546f82938014dfcdcf74111d4-1200x891-jpg,2025-07-15T15:07:56Z,2025-07-15T15:07:56Z,kyleReleaseNotesPrompt.jpeg,jpg,image/jpeg,1200,891,1.3468013468013469,69437,false,#a4a4a4,#3a7d64,#748680,1,skill,github-release-notes-kyle,https://cdn.sanity.io/images/e5fj2khm/production/7227b1f54fa5204546f82938014dfcdcf74111d4-1200x891.jpg
image-2b00dae0a36e3bf4912a318568f631ec494f73e7-400x400-jpg,2025-07-15T20:23:55Z,2025-07-15T20:23:55Z,kyleledbetter.jpg,jpg,image/jpeg,400,400,1,27294,false,#5f382a,#ae6a53,#9c6e5e,1,skillAuthor,kyleledbetter,https://cdn.sanity.io/images/e5fj2khm/production/2b00dae0a36e3bf4912a318568f631ec494f73e7-400x400.jpg
image-cce0e0c9f9d51eb49f3cba6106106c7d5e6c884b-1200x788-png,2025-07-15T21:05:15Z,2025-07-15T21:05:15Z,everyedit skill.png,png,image/png,1200,788,1.5228426395939085,100551,true,#bfc0c1,#5a75d6,#7c7c7c,0,,,https://cdn.sanity.io/images/e5fj2khm/production/cce0e0c9f9d51eb49f3cba6106106c7d5e6c884b-1200x788.png
image-92871b6c888fabd2707c676dbb1b08e5886331e4-1200x908-png,2025-07-15T21:09:37Z,2025-07-15T21:09:37Z,image (11).png,png,image/png,1200,908,1.3215859030837005,410467,true,#4e4e4e,#7f7f7f,#7c7c7c,1,skill,concerts-hannahp,https://cdn.sanity.io/images/e5fj2khm/production/92871b6c888fabd2707c676dbb1b08e5886331e4-1200x908.png
image-3fdb4611b6d4c7d922400f04e8aeb3a28f3d5e40-400x400-jpg,2025-07-15T21:27:52Z,2025-07-15T21:27:52Z,bennyb.jpg,jpg,image/jpeg,400,400,1,30081,false,#bcbcbc,#7f7f7f,#848484,1,skillAuthor,benny-bowden,https://cdn.sanity.io/images/e5fj2khm/production/3fdb4611b6d4c7d922400f04e8aeb3a28f3d5e40-400x400.jpg
image-c464e5b19fc14ea250ccad9364622ebaa7337e4f-2924x1950-png,2025-07-15T21:36:42Z,2025-07-15T21:36:42Z,CleanShot 2025-07-15 at 17.35.55@2x.png,png,image/png,2924,1950,1.4994871794871796,1714635,true,#f1d88c,#d269ba,#944c5c,0,,,https://cdn.sanity.io/images/e5fj2khm/production/c464e5b19fc14ea250ccad9364622ebaa7337e4f-2924x1950.png
image-a8016e3ea9c371179a333fe74e09f1c5d9d9a064-3160x2294-png,2025-07-15T21:37:35Z,2025-07-15T21:37:35Z,CleanShot 2025-07-15 at 17.37.09@2x.png,png,image/png,3160,2294,1.3775065387968615,2559823,true,#f4d386,#e9d373,#9c6788,1,skill,cinema-pierre,https://cdn.sanity.io/images/e5fj2khm/production/a8016e3ea9c371179a333fe74e09f1c5d9d9a064-3160x2294.png
image-44fec2d218d0e1be06744d0d258de074db0f8d9f-2498x1443-jpg,2025-07-15T21:49:41Z,2025-07-15T21:49:41Z,sampleSongs.jpeg,jpg,image/jpeg,2498,1443,1.731115731115731,321561,false,#6d67b1,#d7a134,#6d67b1,1,skill,sampled-songs-webguy,https://cdn.sanity.io/images/e5fj2khm/production/44fec2d218d0e1be06744d0d258de074db0f8d9f-2498x1443.jpg
image-79ce312e1c1a072f7b8a021703688a9c02d1d104-3544x2472-png,2025-07-15T22:02:09Z,2025-07-15T22:02:09Z,CleanShot 2025-07-15 at 18.01.42@2x.png,png,image/png,3544,2472,1.4336569579288025,2796748,true,#f5cf86,#dc6cd4,#b268a6,1,skill,concerts-hannahp,https://cdn.sanity.io/images/e5fj2khm/production/79ce312e1c1a072f7b8a021703688a9c02d1d104-3544x2472.png
image-7f5684074ca7f7f6d20308a49eaef191857b4195-3536x2464-png,2025-07-15T22:06:30Z,2025-07-15T22:06:30Z,CleanShot 2025-07-15 at 18.06.08@2x.png,png,image/png,3536,2464,1.4350649350649352,2810994,true,#f4b286,#95b643,#7c6c7c,1,skill,pylib-check-anthonywu,https://cdn.sanity.io/images/e5fj2khm/production/7f5684074ca7f7f6d20308a49eaef191857b4195-3536x2464.png
image-392bb09cc146090649b34362af31b76ff93ad14c-1376x918-png,2025-07-15T22:11:29Z,2025-07-15T22:11:29Z,CleanShot 2025-07-15 at 18.11.12@2x.png,png,image/png,1376,918,1.4989106753812635,353597,true,#bcbcbc,#698dc4,#5478ac,0,,,https://cdn.sanity.io/images/e5fj2khm/production/392bb09cc146090649b34362af31b76ff93ad14c-1376x918.png
image-39c417ca400cc4baef926f01d899ecef83057401-2674x1816-jpg,2025-07-16T13:27:11Z,2025-07-16T13:27:11Z,GtLjndkXkAAgYTT.jpeg,jpg,image/jpeg,2674,1816,1.472466960352423,505144,false,#dbbbc4,#e15f39,#a07f62,0,,,https://cdn.sanity.io/images/e5fj2khm/production/39c417ca400cc4baef926f01d899ecef83057401-2674x1816.jpg
image-8637be1547a08b57a2e0b65d7c440617a815a5f9-400x400-png,2025-07-16T13:32:48Z,2025-07-16T13:32:48Z,4-OsX4ne_400x400.png,png,image/png,400,400,1,337149,true,#483f36,#6d4333,#b19177,1,skillAuthor,cpaik,https://cdn.sanity.io/images/e5fj2khm/production/8637be1547a08b57a2e0b65d7c440617a815a5f9-400x400.png
image-4e52491fe30fb5cb787b384174438ca32ae538eb-1000x600-png,2025-07-16T13:50:49Z,2025-07-16T13:50:49Z,Template.png,png,image/png,1000,600,1.6666666666666667,317116,true,#f0bc9d,#4f80b5,#9a805f,1,skill,morning-heycoleb,https://cdn.sanity.io/images/e5fj2khm/production/4e52491fe30fb5cb787b384174438ca32ae538eb-1000x600.png
image-af231f1637c9aa9007604e343fa8bff3130d1964-2772x1404-jpg,2025-07-16T13:56:32Z,2025-07-16T13:56:32Z,GuyAPqmX0AEm8mO.jpeg,jpg,image/jpeg,2772,1404,1.9743589743589745,409934,false,#949392,#3c7ca4,#a8845c,0,,,https://cdn.sanity.io/images/e5fj2khm/production/af231f1637c9aa9007604e343fa8bff3130d1964-2772x1404.jpg
image-b26c9e75123f145ff8d96b0b7a0e455e74a071dd-2618x2114-png,2025-07-16T13:57:10Z,2025-07-16T13:57:10Z,Screenshot 2025-07-16 at 9.27.06 AM.png,png,image/png,2618,2114,1.2384105960264902,2413715,true,#859bf9,#94c137,#a27493,1,skill,will-i-regret-patrick,https://cdn.sanity.io/images/e5fj2khm/production/b26c9e75123f145ff8d96b0b7a0e455e74a071dd-2618x2114.png
image-ced91b330bb3fb9d6999c0bbc6c62449a9ae6b31-1000x600-png,2025-07-16T14:04:01Z,2025-07-16T14:04:01Z,Template (1).png,png,image/png,1000,600,1.6666666666666667,202773,true,#ebac97,#c8748a,#81807e,0,,,https://cdn.sanity.io/images/e5fj2khm/production/ced91b330bb3fb9d6999c0bbc6c62449a9ae6b31-1000x600.png
image-fb30ba7398d3fb54947735ebafc6a40f0afdcc02-512x512-png,2025-07-16T14:22:50Z,2025-07-16T14:22:50Z,hannahp.png,png,image/png,512,512,1,313864,false,#16a4ba,#16a4ba,#a67b65,3,releaseNote | skillAuthor,1-8-0-direct-from-the-team | hannahp,https://cdn.sanity.io/images/e5fj2khm/production/fb30ba7398d3fb54947735ebafc6a40f0afdcc02-512x512.png
image-eb5aeb03cb0c60e0a163cdab61a8e1391ffc7517-1282x692-jpg,2025-07-16T14:29:47Z,2025-07-16T14:29:47Z,GuO4pLMWMAADMg-.jpeg,jpg,image/jpeg,1282,692,1.8526011560693643,48566,false,#3b3c3c,#7f7f7f,#7c7c7c,0,,,https://cdn.sanity.io/images/e5fj2khm/production/eb5aeb03cb0c60e0a163cdab61a8e1391ffc7517-1282x692.jpg
image-18ffb8d466a0d913df706e83aa4af6e60d21b65f-400x400-jpg,2025-07-16T14:57:14Z,2025-07-16T14:57:14Z,XSs05Ac1_400x400.jpg,jpg,image/jpeg,400,400,1,23436,false,#d4443c,#d4443c,#c1786f,1,skillAuthor,caneraras,https://cdn.sanity.io/images/e5fj2khm/production/18ffb8d466a0d913df706e83aa4af6e60d21b65f-400x400.jpg
image-ab5d09ca9be3e1ba3d9865ff5da7b7420eb96069-1000x600-png,2025-07-16T15:03:00Z,2025-07-16T15:03:00Z,Template (2).png,png,image/png,1000,600,1.6666666666666667,337011,true,#ceb8a6,#d0ab91,#947959,1,skill,inspiration-caneraras,https://cdn.sanity.io/images/e5fj2khm/production/ab5d09ca9be3e1ba3d9865ff5da7b7420eb96069-1000x600.png
image-885951d8853b15cd718abe01b1e7b7fdb3d501fe-2774x1808-png,2025-07-16T15:30:44Z,2025-07-16T15:30:44Z,Screenshot 2025-07-16 at 11.30.17 AM.png,png,image/png,2774,1808,1.5342920353982301,1841635,true,#f1e3a1,#e6d056,#ac9c84,1,skill,bestword-joshm,https://cdn.sanity.io/images/e5fj2khm/production/885951d8853b15cd718abe01b1e7b7fdb3d501fe-2774x1808.png
image-f3a01609933bb1dd7b6337a66e54c4cb98c0557b-2760x1872-png,2025-07-16T15:42:08Z,2025-07-16T15:42:08Z,Screenshot 2025-07-16 at 11.41.47 AM.png,png,image/png,2760,1872,1.4743589743589745,2269801,true,#1239e6,#1239e6,#699cae,1,skill,devilsadvocate-devin,https://cdn.sanity.io/images/e5fj2khm/production/f3a01609933bb1dd7b6337a66e54c4cb98c0557b-2760x1872.png
image-fcb285468719c611ad2969501c3383efe10e2bb5-400x400-jpg,2025-07-16T15:45:30Z,2025-07-16T15:45:30Z,WWdIdBeJ_400x400.jpg,jpg,image/jpeg,400,400,1,21828,false,#c4c4bc,#34546c,#a06c62,1,skillAuthor,srikat,https://cdn.sanity.io/images/e5fj2khm/production/fcb285468719c611ad2969501c3383efe10e2bb5-400x400.jpg
image-55b5d8fda3c860b3f3b79a059839dcdf5b134b42-1318x680-png,2025-07-16T15:47:00Z,2025-07-16T15:47:00Z,GuLk-F1bsAAoqMu.png,png,image/png,1318,680,1.938235294117647,81566,false,#f4f8fc,#367fc8,#7c7c7c,1,skill,seo-desc-srikat,https://cdn.sanity.io/images/e5fj2khm/production/55b5d8fda3c860b3f3b79a059839dcdf5b134b42-1318x680.png
image-27a3d2fe0a16ce45a175bf480c7a1ae9fdb0f34e-1256x952-png,2025-07-16T15:57:40Z,2025-07-16T15:57:40Z,gen2.png,png,image/png,1256,952,1.319327731092437,207618,false,#cfc9b8,#ea147f,#6989a6,1,skill,2fa-gem,https://cdn.sanity.io/images/e5fj2khm/production/27a3d2fe0a16ce45a175bf480c7a1ae9fdb0f34e-1256x952.png
image-a54184916a419ec5152a88e77b99d7f1708e8942-3100x2034-png,2025-07-16T15:58:03Z,2025-07-16T15:58:03Z,gem1.png,png,image/png,3100,2034,1.5240904621435596,1049554,true,#049225,#2cec7c,#5fb477,0,,,https://cdn.sanity.io/images/e5fj2khm/production/a54184916a419ec5152a88e77b99d7f1708e8942-3100x2034.png
image-5257939bc0236ae574b8f9834006ec8c90d9e53e-3840x2160-png,2025-07-16T16:00:08Z,2025-07-16T16:00:08Z,Section_04-Gradient-01.png,png,image/png,3840,2160,1.7777777777777777,1598644,true,#f1c084,#2dcd67,#b07c63,1,skill,2fa-gem,https://cdn.sanity.io/images/e5fj2khm/production/5257939bc0236ae574b8f9834006ec8c90d9e53e-3840x2160.png
image-f01290615f0ce4e8c2d2b215ee998d03fb2255d4-512x512-png,2025-07-16T16:02:58Z,2025-07-16T16:02:58Z,gem.png,png,image/png,512,512,1,161822,false,#4b382d,#b9885a,#a47553,1,skillAuthor,gem_ray,https://cdn.sanity.io/images/e5fj2khm/production/f01290615f0ce4e8c2d2b215ee998d03fb2255d4-512x512.png
image-cd81dd74f4b44100cf47c14d60fc3a86f9ce6675-400x400-jpg,2025-07-16T21:58:05Z,2025-07-16T21:58:05Z,CtYA9rNh_400x400.jpg,jpg,image/jpeg,400,400,1,45087,false,#cbda57,#c2dd1b,#5886a1,2,skillAuthor,anvanvan | An Van,https://cdn.sanity.io/images/e5fj2khm/production/cd81dd74f4b44100cf47c14d60fc3a86f9ce6675-400x400.jpg
image-96f9b7d9ae5e3f1a30af1e0019d80d374ccab316-2654x1842-png,2025-07-16T22:04:51Z,2025-07-16T22:04:51Z,Screenshot 2025-07-16 at 6.04.23 PM.png,png,image/png,2654,1842,1.4408251900108577,2629482,true,#0e0f19,#2057b3,#ac6676,1,skill,workout-an,https://cdn.sanity.io/images/e5fj2khm/production/96f9b7d9ae5e3f1a30af1e0019d80d374ccab316-2654x1842.png
image-dc985084b9d1753eb509c3d49a3584d1cc58c8a2-1924x1242-png,2025-07-16T22:06:41Z,2025-07-16T22:06:41Z,Screenshot 2025-07-14 at 6.25.16 PM.png,png,image/png,1924,1242,1.5491143317230274,1630855,true,#bbc1c5,#ce5948,#938655,1,skill,horoscope-hannah,https://cdn.sanity.io/images/e5fj2khm/production/dc985084b9d1753eb509c3d49a3584d1cc58c8a2-1924x1242.png
image-b777f34b9d936202d583206cd5cec0177ce35271-2400x1260-png,2025-07-16T22:38:55Z,2025-07-16T22:38:55Z,Skills Gallery.png,png,image/png,2400,1260,1.9047619047619047,440521,true,#fad8aa,#ccbb8d,#8f8a5e,2,skillsLandingPage,skillsLandingPage,https://cdn.sanity.io/images/e5fj2khm/production/b777f34b9d936202d583206cd5cec0177ce35271-2400x1260.png
image-05a9a1ea4b3eb4eb4fa7dd11be5cae788349186f-1378x720-jpg,2025-07-17T14:59:22Z,2025-07-17T14:59:22Z,GvK3krHXYAAKEh3.jpeg,jpg,image/jpeg,1378,720,1.913888888888889,60853,false,#bcbcbc,#7f7f7f,#7c7c7c,1,skill,no-pierre,https://cdn.sanity.io/images/e5fj2khm/production/05a9a1ea4b3eb4eb4fa7dd11be5cae788349186f-1378x720.jpg
image-8545131f3e8157941187baf85e59ab1cdddf7de5-2640x1882-png,2025-07-17T16:19:40Z,2025-07-17T16:19:40Z,Screenshot 2025-07-17 at 12.19.24 PM.png,png,image/png,2640,1882,1.4027630180658874,2457417,true,#098933,#089439,#518864,1,skill,phil-bennyb,https://cdn.sanity.io/images/e5fj2khm/production/8545131f3e8157941187baf85e59ab1cdddf7de5-2640x1882.png
image-063cf1ac4d4ec0e2b07a3b7b96b4a688aca531fd-3840x2328-png,2025-07-21T21:36:42Z,2025-07-21T21:36:42Z,image (5).png,png,image/png,3840,2328,1.6494845360824741,11234750,true,#c1b9ae,#ad7151,#8c7f71,2,skill,graham,https://cdn.sanity.io/images/e5fj2khm/production/063cf1ac4d4ec0e2b07a3b7b96b4a688aca531fd-3840x2328.png
image-b07601f6534f7764625b4364175628031266ddeb-2572x1854-png,2025-07-21T22:18:01Z,2025-07-21T22:18:01Z,Screenshot 2025-07-21 at 6.17.13 PM.png,png,image/png,2572,1854,1.3872707659115426,1917668,true,#c99fa5,#339dc7,#b04eaf,1,skill,graham,https://cdn.sanity.io/images/e5fj2khm/production/b07601f6534f7764625b4364175628031266ddeb-2572x1854.png
image-037f80fb75e8ac58bf6f0d4bff6ab96929844b95-568x380-png,2025-07-22T16:16:16Z,2025-07-22T16:16:16Z,SmartShopper.png,png,image/png,568,380,1.4947368421052631,127351,true,#f1d087,#e4a51a,#9b8a85,0,,,https://cdn.sanity.io/images/e5fj2khm/production/037f80fb75e8ac58bf6f0d4bff6ab96929844b95-568x380.png
image-c47ad63fb199a2ecc7cd708471697d80b39a653b-568x380-png,2025-07-22T16:16:30Z,2025-07-22T16:16:30Z,SmartShopper-1.png,png,image/png,568,380,1.4947368421052631,98807,true,#f5d589,#cabe90,#8f836c,0,,,https://cdn.sanity.io/images/e5fj2khm/production/c47ad63fb199a2ecc7cd708471697d80b39a653b-568x380.png
image-876d097e5b9bdc7cca6cfe7e45d18edd428c7738-568x380-png,2025-07-22T16:17:30Z,2025-07-22T16:17:30Z,Every-edit.png,png,image/png,568,380,1.4947368421052631,71495,true,#0a0a0b,#7cb4e4,#7c7c6c,0,,,https://cdn.sanity.io/images/e5fj2khm/production/876d097e5b9bdc7cca6cfe7e45d18edd428c7738-568x380.png
image-c4bd757bf64cfbf922a9c931f2fd517920e8d391-1704x1140-png,2025-07-22T17:03:28Z,2025-07-22T17:03:28Z,SmartShopper.png,png,image/png,1704,1140,1.4947368421052631,805462,true,#f2d087,#e6a418,#837361,0,,,https://cdn.sanity.io/images/e5fj2khm/production/c4bd757bf64cfbf922a9c931f2fd517920e8d391-1704x1140.png
image-9a01af42b518a0d2c2403c3fafcc67892ed6d9b9-1704x1140-png,2025-07-22T17:04:05Z,2025-07-22T17:04:05Z,SmartShopper.png,png,image/png,1704,1140,1.4947368421052631,696212,true,#f5d589,#cbbf90,#90846c,1,skill,smartshopper-tanduyha,https://cdn.sanity.io/images/e5fj2khm/production/9a01af42b518a0d2c2403c3fafcc67892ed6d9b9-1704x1140.png
image-fc609e3f0755810311df0d0bc330b7bdee251c15-1704x1140-png,2025-07-22T17:04:28Z,2025-07-22T17:04:28Z,Every-edit.png,png,image/png,1704,1140,1.4947368421052631,464441,true,#8bb0ea,#8494d4,#5c7484,1,skill,every-edit-danshipper,https://cdn.sanity.io/images/e5fj2khm/production/fc609e3f0755810311df0d0bc330b7bdee251c15-1704x1140.png
image-7e724093af7891d3486ec2d55037f2c989b1a9d1-3414x2184-jpg,2025-07-23T14:46:53Z,2025-07-23T14:46:53Z,Gwixy_LXoAIOSXz.jpeg,jpg,image/jpeg,3414,2184,1.5631868131868132,279342,false,#f46e76,#f46e76,#a07c67,1,skill,cuban-noah,https://cdn.sanity.io/images/e5fj2khm/production/7e724093af7891d3486ec2d55037f2c989b1a9d1-3414x2184.jpg
image-48f9075b00d43cdef81846ec23f33429f7d2c01b-400x400-jpg,2025-07-23T14:47:33Z,2025-07-23T14:47:33Z,0kTXwO9g_400x400.jpg,jpg,image/jpeg,400,400,1,25764,false,#818181,#3fbf8f,#818181,1,skillAuthor,medstudentnoah,https://cdn.sanity.io/images/e5fj2khm/production/48f9075b00d43cdef81846ec23f33429f7d2c01b-400x400.jpg
image-86ce2741d3d3929ee50b1c3fe0070baee58f6b37-400x400-jpg,2025-07-24T15:03:43Z,2025-07-24T15:03:43Z,egor.jpg,jpg,image/jpeg,400,400,1,17114,false,#794b35,#bc7a5c,#a36f55,1,skillAuthor,eg0rev,https://cdn.sanity.io/images/e5fj2khm/production/86ce2741d3d3929ee50b1c3fe0070baee58f6b37-400x400.jpg
image-9ec881a1ae89c4a0e25fa815ee3bedf72ad70de3-1662x1064-jpg,2025-07-24T15:04:40Z,2025-07-24T15:04:40Z,egor image.jpeg,jpg,image/jpeg,1662,1064,1.5620300751879699,115302,false,#fcfcec,#d4d42a,#7e7f72,0,,,https://cdn.sanity.io/images/e5fj2khm/production/9ec881a1ae89c4a0e25fa815ee3bedf72ad70de3-1662x1064.jpg
image-f10a741b38ca7297ec6d85bd641af3168cd15062-400x400-jpg,2025-07-24T15:16:53Z,2025-07-24T15:16:53Z,ZZaa1OIg_400x400.jpg,jpg,image/jpeg,400,400,1,26113,false,#997a6a,#b1764d,#997a6a,1,skillAuthor,dmytrozakhar,https://cdn.sanity.io/images/e5fj2khm/production/f10a741b38ca7297ec6d85bd641af3168cd15062-400x400.jpg
image-57f4488a65be97600b20622ba58754af20a32f9c-3404x1782-png,2025-07-24T15:18:35Z,2025-07-24T15:18:35Z,f15ec9d8f359-Screenshot_2025_07_23_at_14.50.01.png,png,image/png,3404,1782,1.9102132435465768,3883972,true,#b6bdcb,#4562ad,#4c74a2,0,,,https://cdn.sanity.io/images/e5fj2khm/production/57f4488a65be97600b20622ba58754af20a32f9c-3404x1782.png
image-a126698ba79ad39d29b1cd3750ba779a08394926-2872x2074-png,2025-07-24T16:15:35Z,2025-07-24T16:15:35Z,Screenshot 2025-07-24 at 12.12.24 PM.png,png,image/png,2872,2074,1.3847637415621987,2423447,true,#d39aa3,#bc6c84,#987767,1,skill,promo-egor,https://cdn.sanity.io/images/e5fj2khm/production/a126698ba79ad39d29b1cd3750ba779a08394926-2872x2074.png
image-20863e799a604c7ff6066ac52d69216f11719ded-3414x2184-jpg,2025-07-24T17:05:27Z,2025-07-24T17:05:27Z,GwoxuwHWkAcdCjH.jpeg,jpg,image/jpeg,3414,2184,1.5631868131868132,288537,false,#b5c4d7,#de5c8e,#9d6787,1,skill,carnegie-noah,https://cdn.sanity.io/images/e5fj2khm/production/20863e799a604c7ff6066ac52d69216f11719ded-3414x2184.jpg
image-0f021f7c7b252386443c137c925282eca2d6bc05-400x400-jpg,2025-07-24T19:55:35Z,2025-07-24T19:55:35Z,jack cohen.jpg,jpg,image/jpeg,400,400,1,14894,false,#a08f78,#e70525,#a08f78,1,skillAuthor,@itsjackcohen,https://cdn.sanity.io/images/e5fj2khm/production/0f021f7c7b252386443c137c925282eca2d6bc05-400x400.jpg
image-f34224998e71684b7053a0c97a04d3b94392e7f8-400x400-jpg,2025-07-24T20:16:27Z,2025-07-24T20:16:27Z,jasper.jpg,jpg,image/jpeg,400,400,1,19276,false,#291f1c,#82533e,#a67056,1,skillAuthor,jasperketone,https://cdn.sanity.io/images/e5fj2khm/production/f34224998e71684b7053a0c97a04d3b94392e7f8-400x400.jpg
image-48d6c90f7ad88f9afc6446942d4accef058eea00-400x400-jpg,2025-07-24T20:32:00Z,2025-07-24T20:32:00Z,NpW0R4MH_400x400.jpg,jpg,image/jpeg,400,400,1,15932,false,#f4d48c,#ecca72,#a38173,1,skillAuthor,@wdrynt,https://cdn.sanity.io/images/e5fj2khm/production/48d6c90f7ad88f9afc6446942d4accef058eea00-400x400.jpg
image-14c82b5abdce8bcac08f4891a0abdba78acddd47-2864x1876-png,2025-07-25T13:06:38Z,2025-07-25T13:06:38Z,Screenshot 2025-07-25 at 9.06.20 AM.png,png,image/png,2864,1876,1.5266524520255864,4114322,true,#98877c,#c7a233,#98877c,1,skill,fenton-jack,https://cdn.sanity.io/images/e5fj2khm/production/14c82b5abdce8bcac08f4891a0abdba78acddd47-2864x1876.png
image-7e0468aedab1d2d677bcf22c0bc1696fa476df9d-3794x1844-jpg,2025-07-25T13:12:38Z,2025-07-25T13:12:38Z,_fenton screenshot.jpg,jpg,image/jpeg,3794,1844,2.0574837310195226,725845,false,#503733,#6a4fad,#614c93,1,skill,fenton-jack,https://cdn.sanity.io/images/e5fj2khm/production/7e0468aedab1d2d677bcf22c0bc1696fa476df9d-3794x1844.jpg
image-c4fa20d388e88f9750099c44ee8780ca76db4879-400x400-jpg,2025-07-25T13:13:48Z,2025-07-25T13:13:48Z,_weekly Alex Pines.jpg,jpg,image/jpeg,400,400,1,23950,false,#d4c8b7,#d67a28,#a28068,1,skillAuthor,wwwalexpinescom,https://cdn.sanity.io/images/e5fj2khm/production/c4fa20d388e88f9750099c44ee8780ca76db4879-400x400.jpg
image-b57352747bf5d14d687e47c4dfeb3528c230e79d-2426x1720-png,2025-07-25T13:19:48Z,2025-07-25T13:19:48Z,Screenshot 2025-07-25 at 9.19.24 AM.png,png,image/png,2426,1720,1.4104651162790698,1562130,true,#f7f080,#c7b567,#928d79,0,,,https://cdn.sanity.io/images/e5fj2khm/production/b57352747bf5d14d687e47c4dfeb3528c230e79d-2426x1720.png
image-d7c2ff01c698ccd8bde2772de23252aaee6c6ae3-1456x1112-png,2025-07-25T13:21:05Z,2025-07-25T13:21:05Z,Screenshot 2025-07-25 at 9.20.48 AM.png,png,image/png,1456,1112,1.3093525179856116,275422,true,#a85f6c,#d06884,#a85f6c,0,,,https://cdn.sanity.io/images/e5fj2khm/production/d7c2ff01c698ccd8bde2772de23252aaee6c6ae3-1456x1112.png
image-f29338c4a2080978bbfe27059794ab12baee8877-500x500-jpg,2025-07-25T13:22:03Z,2025-07-25T13:22:03Z,_verify Aleksey photo.jpeg,jpg,image/jpeg,500,500,1,45567,false,#f4d3ae,#a86949,#a77e5b,1,skillAuthor,httpswwwlinkedincominalexey-rubtsov-bg,https://cdn.sanity.io/images/e5fj2khm/production/f29338c4a2080978bbfe27059794ab12baee8877-500x500.jpg
image-4993e100567c1a5970700026046ec864e2d9c83f-1536x1024-png,2025-07-25T13:22:25Z,2025-07-25T13:22:25Z,_verify asset 1.png,png,image/png,1536,1024,1.5,3353795,false,#067873,#e7811a,#64a46d,1,skill,verify-aleksey,https://cdn.sanity.io/images/e5fj2khm/production/4993e100567c1a5970700026046ec864e2d9c83f-1536x1024.png
image-59386d3ae78e9274598f8776fada935816cd5d71-2594x1730-png,2025-07-25T13:26:21Z,2025-07-25T13:26:21Z,Screenshot 2025-07-25 at 9.25.57 AM.png,png,image/png,2594,1730,1.499421965317919,2324608,true,#423537,#b7a554,#6a8494,1,skill,verify-aleksey,https://cdn.sanity.io/images/e5fj2khm/production/59386d3ae78e9274598f8776fada935816cd5d71-2594x1730.png
image-e62e6798cf3875bf8303c592c60e268729c79b5d-2814x1486-png,2025-07-25T13:28:16Z,2025-07-25T13:28:16Z,_shouldiworkhere.png,png,image/png,2814,1486,1.8936742934051145,1116786,true,#eed7ad,#d7b889,#b5976d,1,skill,should-i-work-here-shazncaz,https://cdn.sanity.io/images/e5fj2khm/production/e62e6798cf3875bf8303c592c60e268729c79b5d-2814x1486.png
image-eb39b31a53a89280a365d7fa40e97d6e08166494-2582x1830-png,2025-07-25T13:31:00Z,2025-07-25T13:31:00Z,Screenshot 2025-07-25 at 9.30.44 AM.png,png,image/png,2582,1830,1.4109289617486338,1411446,true,#dfc8d1,#c88290,#898989,1,skill,should-i-work-here-shazncaz,https://cdn.sanity.io/images/e5fj2khm/production/eb39b31a53a89280a365d7fa40e97d6e08166494-2582x1830.png
image-4005534673c2eb339c8d3ff872ef92ac17e66cde-3414x2190-png,2025-07-25T13:33:04Z,2025-07-25T13:33:04Z,_deepdive.png,png,image/png,3414,2190,1.558904109589041,2938544,true,#c1b1db,#f27173,#ab7e6b,1,skill,deepdive-noah,https://cdn.sanity.io/images/e5fj2khm/production/4005534673c2eb339c8d3ff872ef92ac17e66cde-3414x2190.png
image-e066e74ce97476eb302f23dffe27b3f40fa62542-800x800-jpg,2025-07-25T13:36:02Z,2025-07-25T13:36:02Z,_mermaid-diagram Kainoa Newton.jpeg,jpg,image/jpeg,800,800,1,80234,false,#363e61,#b4b736,#97a64e,1,skillAuthor,httpswwwlinkedincominkainoa-newton-36b193307,https://cdn.sanity.io/images/e5fj2khm/production/e066e74ce97476eb302f23dffe27b3f40fa62542-800x800.jpg
image-fcb93562c18454ba795e94e08ec8b8663724cd0d-800x800-jpg,2025-07-25T13:37:11Z,2025-07-25T13:37:11Z,1747157180362.jpeg,jpg,image/jpeg,800,800,1,81610,false,#446c34,#af6f52,#907e6c,0,,,https://cdn.sanity.io/images/e5fj2khm/production/fcb93562c18454ba795e94e08ec8b8663724cd0d-800x800.jpg
image-56cf2eff12dc5aaf87aa8d48e3a1ef57d744b8d7-400x400-jpg,2025-07-25T13:37:38Z,2025-07-25T13:37:38Z,_axios Brian Rumao.jpg,jpg,image/jpeg,400,400,1,25498,false,#b76f43,#b76f43,#b27858,1,skillAuthor,httpswwwlinkedincominbrianrumao,https://cdn.sanity.io/images/e5fj2khm/production/56cf2eff12dc5aaf87aa8d48e3a1ef57d744b8d7-400x400.jpg
image-6053798ca5dc56d12da3f41471abb75d3b8efca5-3246x2270-png,2025-07-25T13:54:17Z,2025-07-25T13:54:17Z,_stock.png,png,image/png,3246,2270,1.429955947136564,1709191,true,#fcf4fa,#c836a3,#6c99ac,1,skill,stock-ehcoco,https://cdn.sanity.io/images/e5fj2khm/production/6053798ca5dc56d12da3f41471abb75d3b8efca5-3246x2270.png
image-ed0ca7083bba4fd419857348a42135ae1ec07652-800x800-jpg,2025-07-25T14:05:33Z,2025-07-25T14:05:33Z,_stoic oliver B photo.jpeg,jpg,image/jpeg,800,800,1,244056,false,#53463a,#be9339,#7f7660,1,skillAuthor,httpswwwlinkedincominoliver-burgos,https://cdn.sanity.io/images/e5fj2khm/production/ed0ca7083bba4fd419857348a42135ae1ec07652-800x800.jpg
image-f3e4a0c51877f5fed6ce7c2f2b281ba834b9b0a9-826x454-png,2025-07-25T14:11:31Z,2025-07-25T14:11:31Z,_stoic.png,png,image/png,826,454,1.8193832599118942,122751,true,#1a5068,#329ccc,#6c9c9c,1,skill,stoic-oliver,https://cdn.sanity.io/images/e5fj2khm/production/f3e4a0c51877f5fed6ce7c2f2b281ba834b9b0a9-826x454.png
image-ca3424cddeb88e032268ed48d2b4cd86ad60d12b-2576x1794-png,2025-07-25T14:12:20Z,2025-07-25T14:12:20Z,Screenshot 2025-07-25 at 10.12.04 AM.png,png,image/png,2576,1794,1.435897435897436,1674691,true,#f3ada5,#d77282,#7f7f7f,1,skill,stoic-oliver,https://cdn.sanity.io/images/e5fj2khm/production/ca3424cddeb88e032268ed48d2b4cd86ad60d12b-2576x1794.png
image-9a89956ec5a6fb0a4a8dba444cd81abbd0092728-839x839-png,2025-07-28T20:39:27Z,2025-07-28T20:39:27Z,Skills Author Placeholder.png,png,image/png,839,839,1,1266755,true,#85abf8,#e43f2a,#871e11,9,skillAuthor,@ehcocc | @leon.hubert27 | @quantstoregpt | @aaronwiseup | @bradenr402 | @bonik | Jeremy Allen | Christopher Greer | Yahav Kosoi,https://cdn.sanity.io/images/e5fj2khm/production/9a89956ec5a6fb0a4a8dba444cd81abbd0092728-839x839.png
image-e7f66fba1affa2e073c6e18d31dd34b51bfe4710-400x400-jpg,2025-07-28T21:35:37Z,2025-07-28T21:35:37Z,AbduRahman.jpg,jpg,image/jpeg,400,400,1,20924,false,#d1b088,#a75517,#9e815b,1,skillAuthor,abdurahmansb,https://cdn.sanity.io/images/e5fj2khm/production/e7f66fba1affa2e073c6e18d31dd34b51bfe4710-400x400.jpg
image-3cbe2e5e8e2bb45e349ea73b7e4c829d815f3df0-400x400-jpg,2025-07-28T21:42:50Z,2025-07-28T21:42:50Z,Ruben C photo.jpg,jpg,image/jpeg,400,400,1,15912,false,#06d1f2,#06d1f2,#6b6cb5,1,skillAuthor,@RubenCarpinteri,https://cdn.sanity.io/images/e5fj2khm/production/3cbe2e5e8e2bb45e349ea73b7e4c829d815f3df0-400x400.jpg
image-4207d38d832baa1d452440b7350d7777d6bf3904-200x200-jpg,2025-07-28T21:43:32Z,2025-07-28T21:43:32Z,katherine.jpg,jpg,image/jpeg,200,200,1,5522,false,#6b4f3e,#9a5d44,#9f7059,1,skillAuthor,httpswwwlinkedincominkatmcwallace,https://cdn.sanity.io/images/e5fj2khm/production/4207d38d832baa1d452440b7350d7777d6bf3904-200x200.jpg
image-248526ab84fecab628ab31bb9a4781d274eaad58-400x400-jpg,2025-07-28T21:46:49Z,2025-07-28T21:46:49Z,Marwan.jpg,jpg,image/jpeg,400,400,1,32732,false,#b2bec0,#da4928,#a28752,1,skillAuthor,@marwanandonly,https://cdn.sanity.io/images/e5fj2khm/production/248526ab84fecab628ab31bb9a4781d274eaad58-400x400.jpg
image-86ef4bd2258daf691a8c38907d00b8a6de48009e-400x400-jpg,2025-07-28T21:48:47Z,2025-07-28T21:48:47Z,Sajid.jpg,jpg,image/jpeg,400,400,1,32432,false,#a48360,#c10939,#a48360,1,skillAuthor,@retireonmars,https://cdn.sanity.io/images/e5fj2khm/production/86ef4bd2258daf691a8c38907d00b8a6de48009e-400x400.jpg
image-92b3c31f19d12e657ecc54790bf26ad671fc9a85-400x400-jpg,2025-07-28T21:49:46Z,2025-07-28T21:49:46Z,Piyush.jpg,jpg,image/jpeg,400,400,1,24786,false,#c0bdb3,#934050,#a37e58,1,skillAuthor,pleasepushh,https://cdn.sanity.io/images/e5fj2khm/production/92b3c31f19d12e657ecc54790bf26ad671fc9a85-400x400.jpg
image-7aa99316e9d1746d1ce07e806119a4761c070393-1184x1188-png,2025-07-28T21:50:28Z,2025-07-28T21:50:28Z,Tahin Rahman.png,png,image/png,1184,1188,0.9966329966329966,446133,true,#b2b2b2,#7f7f7f,#7c7c7c,1,skillAuthor,tahins,https://cdn.sanity.io/images/e5fj2khm/production/7aa99316e9d1746d1ce07e806119a4761c070393-1184x1188.png
image-67ecda9c0f2482cb96985e07c285e99e6f95c31c-800x800-jpg,2025-07-28T21:52:59Z,2025-07-28T21:52:59Z,Rafi T.jpeg,jpg,image/jpeg,800,800,1,129297,false,#a2c3f4,#b73a24,#939669,1,skillAuthor,Rafi Tanzim,https://cdn.sanity.io/images/e5fj2khm/production/67ecda9c0f2482cb96985e07c285e99e6f95c31c-800x800.jpg
image-e1c353302c2c68f5cbd798f87832b7fc045eebcc-2876x1710-png,2025-07-28T22:05:16Z,2025-07-28T22:05:16Z,:calcio.png,png,image/png,2876,1710,1.6818713450292397,2474592,true,#a7c3d5,#f48c15,#b45cac,1,skill,calcio-ruben,https://cdn.sanity.io/images/e5fj2khm/production/e1c353302c2c68f5cbd798f87832b7fc045eebcc-2876x1710.png
image-089430043e67c0644645d21fbf2a9b5ecb3eeb64-3728x2082-png,2025-07-28T22:08:38Z,2025-07-28T22:08:38Z,:ad-writer.png,png,image/png,3728,2082,1.7905859750240154,3125268,true,#f4b0b5,#ac9d52,#8a7263,1,skill,ad-writer-jake,https://cdn.sanity.io/images/e5fj2khm/production/089430043e67c0644645d21fbf2a9b5ecb3eeb64-3728x2082.png
image-749fdcd92dc0e9f0ac4a1fb2aff8909e4276ac87-1364x1748-png,2025-07-28T22:15:09Z,2025-07-28T22:15:09Z,Screenshot 2025-07-28 at 6.14.36 PM.png,png,image/png,1364,1748,0.7803203661327232,1350704,true,#f3b2c3,#b99a45,#85847e,1,skill,gmailtodoextractor-abdu,https://cdn.sanity.io/images/e5fj2khm/production/749fdcd92dc0e9f0ac4a1fb2aff8909e4276ac87-1364x1748.png
image-c94c4d916c97791c70bdc5069711f02ee1184760-1632x1704-png,2025-07-28T22:15:25Z,2025-07-28T22:15:25Z,Screenshot 2025-07-28 at 6.14.42 PM.png,png,image/png,1632,1704,0.9577464788732394,1594977,true,#f5c4ab,#e35e1b,#a69186,1,skill,gmailtodoextractor-abdu,https://cdn.sanity.io/images/e5fj2khm/production/c94c4d916c97791c70bdc5069711f02ee1184760-1632x1704.png
image-7c3ad05af8c5dcb88e15f00763d1e9f2951bb0fe-3762x2072-png,2025-07-28T22:20:28Z,2025-07-28T22:20:28Z,Screenshot 2025-07-28 at 6.19.41 PM.png,png,image/png,3762,2072,1.8156370656370657,5235274,true,#f21d67,#f21d67,#904d5a,1,skill,good-words-aaron,https://cdn.sanity.io/images/e5fj2khm/production/7c3ad05af8c5dcb88e15f00763d1e9f2951bb0fe-3762x2072.png
image-3a0d461ece23a0435f55dfd0a4d59d2132d66a06-3840x2278-png,2025-07-28T22:20:37Z,2025-07-28T22:20:37Z,796f1cb80b9e-Screenshot_2025_07_22_at_1.30.05_PM.png,png,image/png,3840,2278,1.6856892010535558,4712008,true,#363d4f,#b24b38,#7d87a4,1,skill,good-words-aaron,https://cdn.sanity.io/images/e5fj2khm/production/3a0d461ece23a0435f55dfd0a4d59d2132d66a06-3840x2278.png
image-9a7fded2bfd942ae49fdd0b0715c05edb9dfe8a4-2071x1383-png,2025-07-28T22:21:25Z,2025-07-28T22:21:25Z,:carplay.png,png,image/png,2071,1383,1.497469269703543,2612347,true,#f08785,#2242ee,#5d79a1,1,skill,carplay-marwan,https://cdn.sanity.io/images/e5fj2khm/production/9a7fded2bfd942ae49fdd0b0715c05edb9dfe8a4-2071x1383.png
image-574ecfae0cef54bb1b9deabb2fe1ff66ecca3548-3672x2022-png,2025-07-28T22:23:33Z,2025-07-28T22:23:33Z,Screenshot 2025-07-28 at 6.23.21 PM.png,png,image/png,3672,2022,1.8160237388724036,5434875,true,#8c8a88,#1e76ce,#8c8a88,1,skill,carplay-marwan,https://cdn.sanity.io/images/e5fj2khm/production/574ecfae0cef54bb1b9deabb2fe1ff66ecca3548-3672x2022.png
image-ced601174e6f0e0929ff00899c41ea9b97e61a0a-3840x2486-png,2025-07-28T22:24:37Z,2025-07-28T22:24:37Z,:job-summary.png,png,image/png,3840,2486,1.5446500402252614,6528799,true,#cebdbf,#f19019,#a08b58,1,skill,jobsummary-braden,https://cdn.sanity.io/images/e5fj2khm/production/ced601174e6f0e0929ff00899c41ea9b97e61a0a-3840x2486.png
image-fbc08533010110139270e517832590aaf33d514d-2612x1920-png,2025-07-28T22:28:02Z,2025-07-28T22:28:02Z,Screenshot 2025-07-28 at 6.27.49 PM.png,png,image/png,2612,1920,1.3604166666666666,1794551,true,#f5c5a3,#3079ce,#6480a9,1,skill,jobsummary-braden,https://cdn.sanity.io/images/e5fj2khm/production/fbc08533010110139270e517832590aaf33d514d-2612x1920.png
image-8a17e8cbebab0b40a96d27e8cda54a07180a16b1-3360x2100-png,2025-07-28T22:34:06Z,2025-07-28T22:34:06Z,:mermaid.png,png,image/png,3360,2100,1.6,2691532,true,#f3b388,#d92e67,#455b7b,1,skill,mermaiddiagram-kainoa,https://cdn.sanity.io/images/e5fj2khm/production/8a17e8cbebab0b40a96d27e8cda54a07180a16b1-3360x2100.png
image-1bca6a65d46216e4ad0b2f6cf0a1cd08d050f190-3564x1996-png,2025-07-28T22:39:40Z,2025-07-28T22:39:40Z,Screenshot 2025-07-28 at 6.39.30 PM.png,png,image/png,3564,1996,1.785571142284569,2509834,true,#f5b0a2,#af4f5f,#827862,1,skill,mermaiddiagram-kainoa,https://cdn.sanity.io/images/e5fj2khm/production/1bca6a65d46216e4ad0b2f6cf0a1cd08d050f190-3564x1996.png
image-552d06c220c8067000d948fd9366a8b7fc93ad8f-1603x933-png,2025-07-28T22:41:39Z,2025-07-28T22:41:39Z,:toc.png,png,image/png,1603,933,1.7181136120042872,779060,true,#3e3028,#ac54bc,#4c91ac,0,,,https://cdn.sanity.io/images/e5fj2khm/production/552d06c220c8067000d948fd9366a8b7fc93ad8f-1603x933.png
image-c6c423afe5c8957c50590c7667fd7782edacecc9-440x167-png,2025-07-28T22:42:27Z,2025-07-28T22:42:27Z,:jobeval.png,png,image/png,440,167,2.6347305389221556,38465,true,#3e3e3e,#7f7f7f,#7c7c7c,0,,,https://cdn.sanity.io/images/e5fj2khm/production/c6c423afe5c8957c50590c7667fd7782edacecc9-440x167.png
image-b56df17fc2380e9b537986d34b098bc70dd5dc1c-3812x2080-png,2025-07-28T22:51:45Z,2025-07-28T22:51:45Z,Screenshot 2025-07-28 at 6.51.35 PM.png,png,image/png,3812,2080,1.8326923076923076,3095449,true,#f3ccb0,#55b565,#9e898a,0,,,https://cdn.sanity.io/images/e5fj2khm/production/b56df17fc2380e9b537986d34b098bc70dd5dc1c-3812x2080.png
image-39876bc788cfc54815018b9a3b5a731b4a9d39c3-4092x2586-png,2025-07-28T22:56:45Z,2025-07-28T22:56:45Z,:grammar.png,png,image/png,4092,2586,1.5823665893271461,4278295,true,#64182c,#90304c,#8c6454,1,skill,grammar-rafi,https://cdn.sanity.io/images/e5fj2khm/production/39876bc788cfc54815018b9a3b5a731b4a9d39c3-4092x2586.png
image-fee89ac4765831bd0d44a5cd2d496b7457badb8c-1768x1858-png,2025-07-28T22:58:57Z,2025-07-28T22:58:57Z,Screenshot 2025-07-28 at 6.58.08 PM.png,png,image/png,1768,1858,0.9515608180839612,1218240,true,#fcf4c1,#f3d30b,#847c7c,1,skill,markets-quantstore,https://cdn.sanity.io/images/e5fj2khm/production/fee89ac4765831bd0d44a5cd2d496b7457badb8c-1768x1858.png
image-32bd813f23517504144a1c76d1563f178eb18bd3-3806x2090-png,2025-07-28T23:00:05Z,2025-07-28T23:00:05Z,Screenshot 2025-07-28 at 6.59.54 PM.png,png,image/png,3806,2090,1.8210526315789475,4565200,true,#d21018,#d21018,#9e5597,1,skill,markets-quantstore,https://cdn.sanity.io/images/e5fj2khm/production/32bd813f23517504144a1c76d1563f178eb18bd3-3806x2090.png
image-253679da487563a25e6d6337bd5428ac19cbb886-2506x1766-png,2025-07-28T23:02:54Z,2025-07-28T23:02:54Z,Screenshot 2025-07-28 at 7.02.38 PM.png,png,image/png,2506,1766,1.4190260475651189,2561498,true,#948478,#3caaa0,#948478,1,skill,stock-ehcoco,https://cdn.sanity.io/images/e5fj2khm/production/253679da487563a25e6d6337bd5428ac19cbb886-2506x1766.png
image-025b9bf579914167aa75d578c84a604f504c9740-400x400-jpg,2025-07-29T19:11:49Z,2025-07-29T19:11:49Z,GAj4HYzI_400x400.jpg,jpg,image/jpeg,400,400,1,16586,false,#b4bcb4,#d74440,#a27e68,1,skillAuthor,@omooretweets,https://cdn.sanity.io/images/e5fj2khm/production/025b9bf579914167aa75d578c84a604f504c9740-400x400.jpg
image-30ad61b5aba65bfc40633817d55ea677a5950717-3264x2072-png,2025-07-29T19:27:23Z,2025-07-29T19:27:23Z,Screenshot 2025-07-29 at 3.26.55 PM.png,png,image/png,3264,2072,1.5752895752895753,3921690,true,#313745,#c89464,#a97c5a,1,skill,color-analysis-olivia,https://cdn.sanity.io/images/e5fj2khm/production/30ad61b5aba65bfc40633817d55ea677a5950717-3264x2072.png
image-2ccb0796076dca0300661d64fd62d64c89b9701e-400x400-jpg,2025-07-29T20:26:16Z,2025-07-29T20:26:16Z,ztsaR0JW_400x400.jpg,jpg,image/jpeg,400,400,1,13912,false,#7c7c7c,#7f7f7f,#7c7c7c,1,skillAuthor,@OpenAI,https://cdn.sanity.io/images/e5fj2khm/production/2ccb0796076dca0300661d64fd62d64c89b9701e-400x400.jpg
image-8ae993d3574c6725c75b9ae059edb0c48ea0c070-3176x2078-png,2025-07-29T20:38:06Z,2025-07-29T20:38:06Z,Screenshot 2025-07-29 at 4.37.30 PM.png,png,image/png,3176,2078,1.5283926852743022,2208068,true,#e6ba9f,#ca6d34,#6167b1,1,skill,study-buddy,https://cdn.sanity.io/images/e5fj2khm/production/8ae993d3574c6725c75b9ae059edb0c48ea0c070-3176x2078.png
image-38c8c62af5fcda3330939f4f82f2e211a9ea3be5-400x400-jpg,2025-07-29T20:47:13Z,2025-07-29T20:47:13Z,Danger Testing.jpg,jpg,image/jpeg,400,400,1,6589,false,#fc6304,#fc6304,#ac8e6e,1,skillAuthor,@dangertesting,https://cdn.sanity.io/images/e5fj2khm/production/38c8c62af5fcda3330939f4f82f2e211a9ea3be5-400x400.jpg
image-1d5114ba49034f4aefee0ac668c0b79105058e19-3312x1938-png,2025-07-29T20:58:48Z,2025-07-29T20:58:48Z,Screenshot 2025-07-29 at 4.58.19 PM.png,png,image/png,3312,1938,1.7089783281733746,4114149,true,#858782,#396699,#858782,1,skill,references-danger,https://cdn.sanity.io/images/e5fj2khm/production/1d5114ba49034f4aefee0ac668c0b79105058e19-3312x1938.png
image-d8b26b17766b53997029e00ad4399176c23c0fdc-3190x1978-png,2025-07-29T20:59:07Z,2025-07-29T20:59:07Z,Screenshot 2025-07-29 at 4.57.01 PM.png,png,image/png,3190,1978,1.6127401415571283,2174657,true,#edba9e,#763442,#9c626b,1,skill,references-danger,https://cdn.sanity.io/images/e5fj2khm/production/d8b26b17766b53997029e00ad4399176c23c0fdc-3190x1978.png
image-74b109fbe349c3def3acdeed31b4f4b22d6ac970-3196x1904-png,2025-07-29T21:02:08Z,2025-07-29T21:02:08Z,Screenshot 2025-07-29 at 5.01.26 PM.png,png,image/png,3196,1904,1.6785714285714286,2926378,true,#ebe4d9,#d3972b,#4c6c9c,1,skill,quiz-me,https://cdn.sanity.io/images/e5fj2khm/production/74b109fbe349c3def3acdeed31b4f4b22d6ac970-3196x1904.png
image-bbc005bc1c879e3889cade326c2f5cb12e57c631-3390x2088-png,2025-07-29T21:02:33Z,2025-07-29T21:02:33Z,Screenshot 2025-07-29 at 5.02.19 PM.png,png,image/png,3390,2088,1.6235632183908046,4558149,true,#5b4b3a,#4284b0,#ae8e50,1,skill,quiz-me,https://cdn.sanity.io/images/e5fj2khm/production/bbc005bc1c879e3889cade326c2f5cb12e57c631-3390x2088.png
image-0977286850e7a47f85dba49971a57247dec5050b-3412x2130-png,2025-07-29T21:06:40Z,2025-07-29T21:06:40Z,Screenshot 2025-07-29 at 5.06.07 PM.png,png,image/png,3412,2130,1.6018779342723004,2951949,true,#eeba9f,#15e92f,#5da072,1,skill,cost-danger,https://cdn.sanity.io/images/e5fj2khm/production/0977286850e7a47f85dba49971a57247dec5050b-3412x2130.png
image-2eca9bb292fc4de897cfdf6aacb9ace752fb113e-3382x2108-png,2025-07-29T21:07:38Z,2025-07-29T21:07:38Z,Screenshot 2025-07-29 at 5.07.24 PM.png,png,image/png,3382,2108,1.6043643263757115,3669497,true,#e6c536,#e6c536,#6c7494,1,skill,cost-danger,https://cdn.sanity.io/images/e5fj2khm/production/2eca9bb292fc4de897cfdf6aacb9ace752fb113e-3382x2108.png
image-52a9c9fbf2dbba38fc94e1c6543e8a4fe09e67e1-3386x2124-png,2025-07-29T21:11:07Z,2025-07-29T21:11:07Z,Screenshot 2025-07-29 at 5.10.15 PM.png,png,image/png,3386,2124,1.5941619585687383,3105778,true,#edcf98,#4e7cc0,#7e766b,0,,,https://cdn.sanity.io/images/e5fj2khm/production/52a9c9fbf2dbba38fc94e1c6543e8a4fe09e67e1-3386x2124.png
image-7180c213952bc332ac108e3086c92b91d53635d7-3402x1980-png,2025-07-29T21:12:22Z,2025-07-29T21:12:22Z,Screenshot 2025-07-29 at 5.12.09 PM.png,png,image/png,3402,1980,1.7181818181818183,4618661,true,#ba541c,#ba541c,#60769d,1,skill,samplecolors-danger,https://cdn.sanity.io/images/e5fj2khm/production/7180c213952bc332ac108e3086c92b91d53635d7-3402x1980.png
image-2f5dd4268418dbf5e6441b4e61bc5254ec1b7c8c-3170x2094-png,2025-07-29T22:00:23Z,2025-07-29T22:00:23Z,Screenshot 2025-07-29 at 5.59.58 PM.png,png,image/png,3170,2094,1.5138490926456543,3734714,true,#fcf405,#fcf405,#55906c,1,skill,samplecolors-danger,https://cdn.sanity.io/images/e5fj2khm/production/2f5dd4268418dbf5e6441b4e61bc5254ec1b7c8c-3170x2094.png
image-773fd598742f76ea30318374c3288c80a42c9584-3390x2010-png,2025-07-30T13:03:39Z,2025-07-30T13:03:39Z,Screenshot 2025-07-30 at 9.01.56 AM.png,png,image/png,3390,2010,1.6865671641791045,2784200,true,#f3dab1,#d6ba4f,#6c8494,1,skill,compare-tahin,https://cdn.sanity.io/images/e5fj2khm/production/773fd598742f76ea30318374c3288c80a42c9584-3390x2010.png
image-8a457a506bf1d61ad2e73d414920fffc40e50e5c-3054x1962-png,2025-07-30T13:04:31Z,2025-07-30T13:04:31Z,Screenshot 2025-07-30 at 9.04.21 AM.png,png,image/png,3054,1962,1.5565749235474007,2537435,true,#f0bc9e,#dc6622,#a86c7c,1,skill,compare-tahin,https://cdn.sanity.io/images/e5fj2khm/production/8a457a506bf1d61ad2e73d414920fffc40e50e5c-3054x1962.png
image-0c50198d9940d10d357d401563fb5e1bf2cb1c63-3356x2094-png,2025-07-30T13:14:09Z,2025-07-30T13:14:09Z,Screenshot 2025-07-30 at 9.13.56 AM.png,png,image/png,3356,2094,1.6026743075453678,2646344,true,#f7ddb0,#e79b17,#7b7575,1,skill,axios-brian,https://cdn.sanity.io/images/e5fj2khm/production/0c50198d9940d10d357d401563fb5e1bf2cb1c63-3356x2094.png
image-642e7c3b2c030404a38ab7ad728af718fe871a8a-304x304-jpg,2025-07-30T14:42:51Z,2025-07-30T14:42:51Z,-3dAgB4j_400x400.jpg,jpg,image/jpeg,304,304,1,16316,false,#9b7461,#cf5e3c,#9b7461,1,skillAuthor,@annabelstrauss,https://cdn.sanity.io/images/e5fj2khm/production/642e7c3b2c030404a38ab7ad728af718fe871a8a-304x304.jpg
image-17ab7721f5d8615361d5bab31017f2b2ba18638b-2822x1842-png,2025-07-30T14:43:51Z,2025-07-30T14:43:51Z,Screenshot 2025-07-30 at 12.21.59 AM.png,png,image/png,2822,1842,1.5320304017372421,3066136,true,#b9c6d1,#d8d641,#4e72a0,1,skill,will-i-regret-buying-this-annabel,https://cdn.sanity.io/images/e5fj2khm/production/17ab7721f5d8615361d5bab31017f2b2ba18638b-2822x1842.png
image-8ec7569021964d6d26d8e7fa69307644a1e53cc5-2842x1966-png,2025-07-30T14:51:20Z,2025-07-30T14:51:20Z,Screenshot 2025-07-30 at 10.51.03 AM.png,png,image/png,2842,1966,1.4455747711088505,3736880,true,#a8bdce,#203cb4,#60819c,1,skill,will-i-regret-buying-this-annabel,https://cdn.sanity.io/images/e5fj2khm/production/8ec7569021964d6d26d8e7fa69307644a1e53cc5-2842x1966.png
image-e73a0a942aae79badb60adcc0333566fc1727a31-400x400-jpg,2025-07-30T14:58:32Z,2025-07-30T14:58:32Z,e9KBzQlG_400x400.jpg,jpg,image/jpeg,400,400,1,31988,false,#d9a07f,#4b78cf,#a27559,1,skillAuthor,@sarahjannetti_,https://cdn.sanity.io/images/e5fj2khm/production/e73a0a942aae79badb60adcc0333566fc1727a31-400x400.jpg
image-520f7a24f1af69f7363e4e6c0f6e3883973302e7-2736x1868-png,2025-07-30T15:11:49Z,2025-07-30T15:11:49Z,Screenshot 2025-07-30 at 11.11.26 AM.png,png,image/png,2736,1868,1.4646680942184154,4333496,true,#5c222a,#4278b1,#9b7c63,1,skill,creator-collab-sj,https://cdn.sanity.io/images/e5fj2khm/production/520f7a24f1af69f7363e4e6c0f6e3883973302e7-2736x1868.png
image-618f22e27d77a70e0880c6259dea06489ad63cc9-2762x1884-png,2025-07-30T15:12:01Z,2025-07-30T15:12:01Z,Screenshot 2025-07-30 at 11.06.14 AM.png,png,image/png,2762,1884,1.4660297239915074,4675345,true,#babbc1,#3696b2,#917c54,1,skill,creator-collab-sj,https://cdn.sanity.io/images/e5fj2khm/production/618f22e27d77a70e0880c6259dea06489ad63cc9-2762x1884.png
image-4e80ff06119135a012570f34775390e3d72f1ed0-400x400-jpg,2025-07-30T15:29:47Z,2025-07-30T15:29:47Z,UcJv4-kh_400x400.jpg,jpg,image/jpeg,400,400,1,51697,false,#bcc4d4,#d5a084,#9f705a,1,skillAuthor,@aviaviaviii,https://cdn.sanity.io/images/e5fj2khm/production/4e80ff06119135a012570f34775390e3d72f1ed0-400x400.jpg
image-de8a646eb4be2e98f768680bdd2a443ce0b99c58-3198x2060-png,2025-07-30T15:39:16Z,2025-07-30T15:39:16Z,Screenshot 2025-07-30 at 11.38.53 AM.png,png,image/png,3198,2060,1.5524271844660193,4129026,true,#413c3c,#3a52b7,#64a474,1,skill,food-health,https://cdn.sanity.io/images/e5fj2khm/production/de8a646eb4be2e98f768680bdd2a443ce0b99c58-3198x2060.png
image-39f00b1ac73282d1cffd75d6a758300b4ea79f1e-3840x2278-png,2025-07-30T18:09:35Z,2025-07-30T18:09:35Z,:studyquestions.png,png,image/png,3840,2278,1.6856892010535558,4758926,true,#0a0f17,#b24b38,#7c86a4,1,skill,studyqs-aaron,https://cdn.sanity.io/images/e5fj2khm/production/39f00b1ac73282d1cffd75d6a758300b4ea79f1e-3840x2278.png
image-c4d03efeccf51b128a42cb416fb133545aaced55-1708x1107-png,2025-07-30T18:10:24Z,2025-07-30T18:10:24Z,:smoothies.png,png,image/png,1708,1107,1.5429087624209576,615094,true,#f872b4,#e95ca0,#80807c,1,skill,smoothies-septian,https://cdn.sanity.io/images/e5fj2khm/production/c4d03efeccf51b128a42cb416fb133545aaced55-1708x1107.png
image-c0fdfa8c86719bd2b889a1a504e89bb91bddd4f5-2844x1592-jpg,2025-07-30T18:11:45Z,2025-07-30T18:11:45Z,:mentioned.jpeg,jpg,image/jpeg,2844,1592,1.7864321608040201,457105,false,#654532,#dc2240,#816655,1,skill,mentioned-piyush,https://cdn.sanity.io/images/e5fj2khm/production/c0fdfa8c86719bd2b889a1a504e89bb91bddd4f5-2844x1592.jpg
image-f2678fd2bab4223bf14bf7340b09502fa4b050b5-3388x2058-png,2025-07-30T18:21:36Z,2025-07-30T18:21:36Z,Screenshot 2025-07-30 at 2.21.25 PM.png,png,image/png,3388,2058,1.6462585034013606,3427691,true,#5c5047,#b58e4b,#b07462,1,skill,studyqs-aaron,https://cdn.sanity.io/images/e5fj2khm/production/f2678fd2bab4223bf14bf7340b09502fa4b050b5-3388x2058.png
image-d0df5f2fe94150986c76e8e57d7e83ab81e7c854-3392x2112-png,2025-07-30T18:44:01Z,2025-07-30T18:44:01Z,Screenshot 2025-07-30 at 2.42.43 PM.png,png,image/png,3392,2112,1.606060606060606,2868927,true,#f6c9ab,#30cea2,#649474,1,skill,comrade-leon,https://cdn.sanity.io/images/e5fj2khm/production/d0df5f2fe94150986c76e8e57d7e83ab81e7c854-3392x2112.png
image-a5467c9232d1c0eada7f3a4314598dd7ef4131fb-3400x2114-png,2025-07-30T18:44:31Z,2025-07-30T18:44:31Z,Screenshot 2025-07-30 at 2.44.19 PM.png,png,image/png,3400,2114,1.608325449385052,3318699,true,#f8dcaf,#4567a3,#9f8452,1,skill,comrade-leon,https://cdn.sanity.io/images/e5fj2khm/production/a5467c9232d1c0eada7f3a4314598dd7ef4131fb-3400x2114.png
image-26543902c186b602ab3703f77f57c379334e74bf-3328x2064-png,2025-07-30T18:49:49Z,2025-07-30T18:49:49Z,Screenshot 2025-07-30 at 2.49.24 PM.png,png,image/png,3328,2064,1.6124031007751938,2398113,true,#f1bb9f,#51a4fc,#7d5e61,0,,,https://cdn.sanity.io/images/e5fj2khm/production/26543902c186b602ab3703f77f57c379334e74bf-3328x2064.png
image-f80348dd9c1cb47b39f0e91c85b68ed18068324c-2966x2050-png,2025-07-30T18:51:23Z,2025-07-30T18:51:23Z,Screenshot 2025-07-30 at 2.50.31 PM.png,png,image/png,2966,2050,1.4468292682926829,2129785,true,#efbd9f,#1b5fca,#938c89,1,skill,grammar-rafi,https://cdn.sanity.io/images/e5fj2khm/production/f80348dd9c1cb47b39f0e91c85b68ed18068324c-2966x2050.png
image-50b093e36e9d4d267bbc55d11f7e7cc7e071f9cd-1072x700-webp,2025-07-30T21:29:43Z,2025-07-30T21:29:43Z,say-it-in-language-o3-browser.webp,webp,image/webp,1072,700,1.5314285714285714,477918,false,#a47942,#a47942,#927b94,0,,,https://cdn.sanity.io/images/e5fj2khm/production/50b093e36e9d4d267bbc55d11f7e7cc7e071f9cd-1072x700.webp
image-afbace9e2c9ddc2e9a56484008915d3fcd17133e-3416x2136-png,2025-07-30T21:31:41Z,2025-07-30T21:31:41Z,Screenshot 2025-07-30 at 5.31.28 PM.png,png,image/png,3416,2136,1.599250936329588,4107742,true,#edccaa,#bf843f,#945c54,0,,,https://cdn.sanity.io/images/e5fj2khm/production/afbace9e2c9ddc2e9a56484008915d3fcd17133e-3416x2136.png
image-fcc30ddfdd86c21c8fb86f26b873fca2a19b1df7-1174x1004-png,2025-07-30T21:33:58Z,2025-07-30T21:33:58Z,Screenshot 2025-07-30 at 5.33.38 PM.png,png,image/png,1174,1004,1.1693227091633467,342188,true,#506ca4,#3596de,#506ca4,0,,,https://cdn.sanity.io/images/e5fj2khm/production/fcc30ddfdd86c21c8fb86f26b873fca2a19b1df7-1174x1004.png
image-1e7494a0b123454a1647049bc11590aac179c38d-400x400-jpg,2025-07-30T21:36:43Z,2025-07-30T21:36:43Z,emil.jpg,jpg,image/jpeg,400,400,1,16868,false,#bcbcbc,#3fbfbf,#848484,1,skillAuthor,Emil Bang,https://cdn.sanity.io/images/e5fj2khm/production/1e7494a0b123454a1647049bc11590aac179c38d-400x400.jpg
image-afe216290c403387a4ce127fc189d0b7f993b2d7-3210x1966-png,2025-07-30T21:43:50Z,2025-07-30T21:43:50Z,Screenshot 2025-07-30 at 5.43.27 PM.png,png,image/png,3210,1966,1.6327568667344863,2380292,true,#f0bea3,#c05058,#aa616f,1,skill,golf-coach-emil,https://cdn.sanity.io/images/e5fj2khm/production/afe216290c403387a4ce127fc189d0b7f993b2d7-3210x1966.png
image-568ce1f3da65021a6afd6de01399e10bc17fa067-1920x1080-png,2025-07-30T21:44:03Z,2025-07-30T21:44:03Z,2.png,png,image/png,1920,1080,1.7777777777777777,968061,true,#f5baa1,#e4bb1a,#79787c,1,skill,golf-coach-emil,https://cdn.sanity.io/images/e5fj2khm/production/568ce1f3da65021a6afd6de01399e10bc17fa067-1920x1080.png
image-e0c73dec86d8228f46b043fe5ca16f2a5a1f645f-1920x1080-png,2025-07-30T21:44:20Z,2025-07-30T21:44:20Z,1.png,png,image/png,1920,1080,1.7777777777777777,1005647,true,#f8c6a8,#ec6412,#8c8c93,1,skill,golf-coach-emil,https://cdn.sanity.io/images/e5fj2khm/production/e0c73dec86d8228f46b043fe5ca16f2a5a1f645f-1920x1080.png
image-51292ddb554b2927e3e3d45dded5a29ef380b3e5-2196x1452-png,2025-07-30T21:52:49Z,2025-07-30T21:52:49Z,Screenshot 2025-07-30 at 5.46.49 PM.png,png,image/png,2196,1452,1.512396694214876,418989,true,#a7a6ad,#4d3fbf,#544c94,0,,,https://cdn.sanity.io/images/e5fj2khm/production/51292ddb554b2927e3e3d45dded5a29ef380b3e5-2196x1452.png
image-85033326ddf706db26b759ee0905877467d5444a-1920x1080-png,2025-07-30T21:53:18Z,2025-07-30T21:53:18Z,Untitled design (2).png,png,image/png,1920,1080,1.7777777777777777,881671,true,#3b3d43,#d48a2a,#8d8995,1,skill,negotiator-noah,https://cdn.sanity.io/images/e5fj2khm/production/85033326ddf706db26b759ee0905877467d5444a-1920x1080.png
image-f7f5a68f4bbe3a020f707ca3cfb086b1da28d184-3236x1992-png,2025-07-30T21:54:33Z,2025-07-30T21:54:33Z,Screenshot 2025-07-30 at 5.54.20 PM.png,png,image/png,3236,1992,1.6244979919678715,2906494,true,#dcb1ba,#2865c6,#6494ac,1,skill,negotiator-noah,https://cdn.sanity.io/images/e5fj2khm/production/f7f5a68f4bbe3a020f707ca3cfb086b1da28d184-3236x1992.png
image-bcc809ebd4e4dbf3c85b1a758871fce9e62d3f55-1920x1080-png,2025-07-30T21:56:55Z,2025-07-30T21:56:55Z,Untitled design (3).png,png,image/png,1920,1080,1.7777777777777777,845548,true,#f7cbb0,#c63863,#865d5f,1,skill,thisbutfree-bonik,https://cdn.sanity.io/images/e5fj2khm/production/bcc809ebd4e4dbf3c85b1a758871fce9e62d3f55-1920x1080.png
image-0c9fc210442a71031f9aaef14df71fc8d409f133-3264x2046-png,2025-07-30T21:59:55Z,2025-07-30T21:59:55Z,Screenshot 2025-07-30 at 5.59.44 PM.png,png,image/png,3264,2046,1.595307917888563,2188745,true,#3d3233,#15ca52,#839061,1,skill,thisbutfree-bonik,https://cdn.sanity.io/images/e5fj2khm/production/0c9fc210442a71031f9aaef14df71fc8d409f133-3264x2046.png
image-5a6d3f920af651ae2b151db88a378afe85f668fb-2402x1748-png,2025-07-31T21:26:37Z,2025-07-31T21:26:37Z,Screenshot 2025-07-31 at 5.26.10 PM.png,png,image/png,2402,1748,1.374141876430206,2002253,true,#9bb9e7,#ca645d,#ac7f5e,1,skill,glaze-danger,https://cdn.sanity.io/images/e5fj2khm/production/5a6d3f920af651ae2b151db88a378afe85f668fb-2402x1748.png
image-cf5ee6e79c811e6ed966e39ff6a0372a57acc54b-2380x1746-png,2025-07-31T21:26:54Z,2025-07-31T21:26:54Z,Screenshot 2025-07-31 at 5.25.09 PM.png,png,image/png,2380,1746,1.3631156930126003,1142586,true,#abd8d7,#ac447b,#9c8166,1,skill,glaze-danger,https://cdn.sanity.io/images/e5fj2khm/production/cf5ee6e79c811e6ed966e39ff6a0372a57acc54b-2380x1746.png
image-bf13369924d135e79d13bff767095fa37ff22969-1386x1226-jpg,2025-08-01T16:29:47Z,2025-08-01T16:29:47Z,research.jpg,jpg,image/jpeg,1386,1226,1.1305057096247961,477427,false,#a6bfd7,#43ca40,#544ea6,0,,,https://cdn.sanity.io/images/e5fj2khm/production/bf13369924d135e79d13bff767095fa37ff22969-1386x1226.jpg
image-7143e28f72b40692aacf4fe9eb9662b6c7d2399d-799x657-jpg,2025-08-01T16:30:08Z,2025-08-01T16:30:08Z,choose_model.jpg,jpg,image/jpeg,799,657,1.2161339421613395,59430,false,#b6c4d4,#185ae6,#8a8c8d,0,,,https://cdn.sanity.io/images/e5fj2khm/production/7143e28f72b40692aacf4fe9eb9662b6c7d2399d-799x657.jpg
image-5944fd41c73b438be3c242daff62f0b6e946ce41-1525x981-png,2025-08-05T15:05:49Z,2025-08-05T15:05:49Z,Glaze.png,png,image/png,1525,981,1.5545361875637105,2256844,true,#6f2d04,#c1883e,#b28068,0,,,https://cdn.sanity.io/images/e5fj2khm/production/5944fd41c73b438be3c242daff62f0b6e946ce41-1525x981.png
image-e53a4ff49c3045761fc06a99cd5b2492f1797692-1200x720-png,2025-08-05T16:07:41Z,2025-08-05T16:07:41Z,people 6.png,png,image/png,1200,720,1.6666666666666667,1312761,true,#56412e,#7b5c3b,#a37f69,1,skill,will-i-regret-buying-this-annabel,https://cdn.sanity.io/images/e5fj2khm/production/e53a4ff49c3045761fc06a99cd5b2492f1797692-1200x720.png
image-51c1aba6b6921b621fe092f59c427e87f9360616-1200x720-png,2025-08-05T16:08:08Z,2025-08-05T16:08:08Z,skill gallery 3.png,png,image/png,1200,720,1.6666666666666667,1447755,true,#a46b4f,#ae6b3c,#a46b4f,1,skill,glaze-danger,https://cdn.sanity.io/images/e5fj2khm/production/51c1aba6b6921b621fe092f59c427e87f9360616-1200x720.png
image-0e39e4a135c95070d97511f0e5a6738acd8eb887-1200x720-png,2025-08-05T16:08:34Z,2025-08-05T16:08:34Z,skill gallery 4.png,png,image/png,1200,720,1.6666666666666667,1407284,true,#beb5aa,#ad7151,#8b7c70,1,skill,graham,https://cdn.sanity.io/images/e5fj2khm/production/0e39e4a135c95070d97511f0e5a6738acd8eb887-1200x720.png
image-14e09309f8a45e8d63aea1f684453f6cfc400fdf-400x400-jpg,2025-08-05T17:52:57Z,2025-08-05T17:52:57Z,Fun Pilgrim.jpg,jpg,image/jpeg,400,400,1,30014,false,#d5aca1,#d09c4c,#8f786c,1,skillAuthor,@tasshinfogleman,https://cdn.sanity.io/images/e5fj2khm/production/14e09309f8a45e8d63aea1f684453f6cfc400fdf-400x400.jpg
image-b2490ca8bb098ab9cf8b51fd66be2739f330c32f-320x320-jpg,2025-08-05T17:54:05Z,2025-08-05T17:54:05Z,rdrsxm.jpg,jpg,image/jpeg,320,320,1,18423,false,#314651,#3a6591,#ac566e,1,skillAuthor,@rdrsxm,https://cdn.sanity.io/images/e5fj2khm/production/b2490ca8bb098ab9cf8b51fd66be2739f330c32f-320x320.jpg
image-ed08d1958b6525bcc7b52ea0cfd74993e659c654-400x400-jpg,2025-08-05T18:03:23Z,2025-08-05T18:03:23Z,Loris Guignard.jpg,jpg,image/jpeg,400,400,1,34629,false,#c4b1a8,#d04213,#b7887c,1,skillAuthor,Loris Guignard,https://cdn.sanity.io/images/e5fj2khm/production/ed08d1958b6525bcc7b52ea0cfd74993e659c654-400x400.jpg
image-e7fbeb504a193004fbb5952047fa91d770bfc7a5-400x400-jpg,2025-08-05T18:07:18Z,2025-08-05T18:07:18Z,Ishaan.jpg,jpg,image/jpeg,400,400,1,48982,false,#7f735b,#b48258,#7f735b,1,skillAuthor,@ishaan812,https://cdn.sanity.io/images/e5fj2khm/production/e7fbeb504a193004fbb5952047fa91d770bfc7a5-400x400.jpg
image-fd154207db529082a7052f64be7ee52cf6f89f3a-1920x1080-png,2025-08-05T18:26:05Z,2025-08-05T18:26:05Z,prreviewsummary.png,png,image/png,1920,1080,1.7777777777777777,920292,true,#f4bea7,#2e8bd0,#b46669,1,skill,prreviewsummary-ishaan,https://cdn.sanity.io/images/e5fj2khm/production/fd154207db529082a7052f64be7ee52cf6f89f3a-1920x1080.png
image-87be0c89c49723a1b2d048d830a22dd23613a2d0-3330x2154-png,2025-08-05T18:27:03Z,2025-08-05T18:27:03Z,:microcopy.png,png,image/png,3330,2154,1.5459610027855153,2782703,true,#f578b8,#f64ca2,#ba81a6,1,skill,microcopy-christopher,https://cdn.sanity.io/images/e5fj2khm/production/87be0c89c49723a1b2d048d830a22dd23613a2d0-3330x2154.png
image-80745b4708ce2035073d5a02ed384e7a8b22976b-3330x2412-png,2025-08-05T18:27:13Z,2025-08-05T18:27:13Z,hn-comments.png,png,image/png,3330,2412,1.3805970149253732,5311575,true,#387da9,#2468ce,#6a83b6,1,skill,hncomments-loris,https://cdn.sanity.io/images/e5fj2khm/production/80745b4708ce2035073d5a02ed384e7a8b22976b-3330x2412.png
image-0cd718d59c39807cb5f408caab24c67092bf5ad1-1920x1080-png,2025-08-05T18:27:22Z,2025-08-05T18:27:22Z,flashcards.png,png,image/png,1920,1080,1.7777777777777777,922238,true,#bcb4b4,#f86806,#919090,0,,,https://cdn.sanity.io/images/e5fj2khm/production/0cd718d59c39807cb5f408caab24c67092bf5ad1-1920x1080.png
image-ea22e27d2704a91ff1904e811ef21ec2fd2e62bd-1920x1080-png,2025-08-05T18:27:33Z,2025-08-05T18:27:33Z,eli5.png,png,image/png,1920,1080,1.7777777777777777,949711,true,#fcdca4,#a46f3f,#7c7476,1,skill,eli5-funpilgrim,https://cdn.sanity.io/images/e5fj2khm/production/ea22e27d2704a91ff1904e811ef21ec2fd2e62bd-1920x1080.png
image-8b9beec18a689022b36071cc5e7b6b2478443259-3322x2038-png,2025-08-05T18:38:35Z,2025-08-05T18:38:35Z,Screenshot 2025-08-05 at 2.38.03 PM.png,png,image/png,3322,2038,1.6300294406280667,2941853,true,#f9ddae,#2bb2c8,#988088,1,skill,microcopy-christopher,https://cdn.sanity.io/images/e5fj2khm/production/8b9beec18a689022b36071cc5e7b6b2478443259-3322x2038.png
image-9662369edd4c52ec048212b3ad3dd2cb54b1a076-3810x2084-png,2025-08-05T18:48:24Z,2025-08-05T18:48:24Z,Screenshot 2025-08-05 at 2.48.03 PM.png,png,image/png,3810,2084,1.828214971209213,3529540,true,#88c6fa,#23aaf9,#64848c,1,skill,hncomments-loris,https://cdn.sanity.io/images/e5fj2khm/production/9662369edd4c52ec048212b3ad3dd2cb54b1a076-3810x2084.png
image-316f64572fea54a98fc541224424c2f12fcd3e15-3780x2060-png,2025-08-05T18:52:35Z,2025-08-05T18:52:35Z,Screenshot 2025-08-05 at 2.52.16 PM.png,png,image/png,3780,2060,1.8349514563106797,2624506,true,#d7b4c1,#b8c128,#948f72,0,,,https://cdn.sanity.io/images/e5fj2khm/production/316f64572fea54a98fc541224424c2f12fcd3e15-3780x2060.png
image-4504edc578fca3e0e9df2c4a43aebc75b166ad02-400x400-jpg,2025-08-05T19:00:49Z,2025-08-05T19:00:49Z,Malay Vasa.jpg,jpg,image/jpeg,400,400,1,16670,false,#c4bab2,#c3573b,#9d7665,1,skillAuthor,Malay Vasa,https://cdn.sanity.io/images/e5fj2khm/production/4504edc578fca3e0e9df2c4a43aebc75b166ad02-400x400.jpg
image-f091155367b46bdb5aeb116e15e75668c60cb826-3132x2102-png,2025-08-05T19:01:11Z,2025-08-05T19:01:11Z,267c36ff1d11-CleanShot_2025_07_28_at_17.50.27_2x.png,png,image/png,3132,2102,1.4900095147478591,4464679,true,#fbd4ac,#b14529,#777b95,1,skill,dailywrap-malay,https://cdn.sanity.io/images/e5fj2khm/production/f091155367b46bdb5aeb116e15e75668c60cb826-3132x2102.png
image-2e95002e0dfc6b04acd1081c58242e81571f4073-3750x2060-png,2025-08-05T19:07:03Z,2025-08-05T19:07:03Z,Screenshot 2025-08-05 at 3.06.28 PM.png,png,image/png,3750,2060,1.8203883495145632,3027025,true,#f3baaf,#dd3f21,#84565a,1,skill,dailywrap-malay,https://cdn.sanity.io/images/e5fj2khm/production/2e95002e0dfc6b04acd1081c58242e81571f4073-3750x2060.png
image-ea10612cc0fb4f51645afa78d3db71d60f1ed73f-1920x1080-png,2025-08-05T20:20:09Z,2025-08-05T20:20:09Z,1.png,png,image/png,1920,1080,1.7777777777777777,1006011,true,#f4c5a6,#e26b1c,#4e9d72,1,skill,prreviewsummary-ishaan,https://cdn.sanity.io/images/e5fj2khm/production/ea10612cc0fb4f51645afa78d3db71d60f1ed73f-1920x1080.png
image-481c65cf004930d1499cb66daca0dcd0277ac905-400x400-jpg,2025-08-11T19:26:37Z,2025-08-11T19:26:37Z,Tommy.jpg,jpg,image/jpeg,400,400,1,21286,false,#9f766e,#b4564a,#9f766e,1,skillAuthor,Tommy Thomas,https://cdn.sanity.io/images/e5fj2khm/production/481c65cf004930d1499cb66daca0dcd0277ac905-400x400.jpg
image-7dee8a9936f99889a1443b814f3eda161f38362b-1920x1080-png,2025-08-11T19:32:01Z,2025-08-11T19:32:01Z,Dia Background .png,png,image/png,1920,1080,1.7777777777777777,901305,true,#e3c9da,#286798,#648c9c,1,skill,copycat-tommy,https://cdn.sanity.io/images/e5fj2khm/production/7dee8a9936f99889a1443b814f3eda161f38362b-1920x1080.png
image-83d9400a14d26aaca2ccd307124a789021f81b8c-320x320-jpg,2025-08-11T19:40:55Z,2025-08-11T19:40:55Z,joeyvansommeren.jpg,jpg,image/jpeg,320,320,1,18878,false,#414639,#c0b558,#95885f,1,skillAuthor,Joey van Sommeren,https://cdn.sanity.io/images/e5fj2khm/production/83d9400a14d26aaca2ccd307124a789021f81b8c-320x320.jpg
image-e7453d9b216ca4d20bbc9985b539afbfebbe7083-1920x1080-png,2025-08-11T19:43:58Z,2025-08-11T19:43:58Z,Dia Background  (1).png,png,image/png,1920,1080,1.7777777777777777,980431,true,#e3d1e2,#30688c,#9a666e,1,skill,designcritique-joey,https://cdn.sanity.io/images/e5fj2khm/production/e7453d9b216ca4d20bbc9985b539afbfebbe7083-1920x1080.png
image-109b3091b6f3528db8801bfae20cabc48060317e-800x800-jpg,2025-08-11T21:02:21Z,2025-08-11T21:02:21Z,Koushik Vikram.jpeg,jpg,image/jpeg,800,800,1,163273,false,#9e6741,#9e6741,#997f6b,1,skillAuthor,@koushikvikram,https://cdn.sanity.io/images/e5fj2khm/production/109b3091b6f3528db8801bfae20cabc48060317e-800x800.jpg
image-1cb9fde55386483b914c88208bb562d75e9946bc-1920x1080-png,2025-08-11T21:07:12Z,2025-08-11T21:07:12Z,1.png,png,image/png,1920,1080,1.7777777777777777,1013280,true,#f7cfab,#e87916,#7c7c64,1,skill,translate-koushik,https://cdn.sanity.io/images/e5fj2khm/production/1cb9fde55386483b914c88208bb562d75e9946bc-1920x1080.png
image-2c2bb3e95196d2120850e19c4032d3541027e0cc-1920x1080-png,2025-08-11T21:07:24Z,2025-08-11T21:07:24Z,2.png,png,image/png,1920,1080,1.7777777777777777,966338,true,#d3d8e6,#5699b4,#485695,1,skill,translate-koushik,https://cdn.sanity.io/images/e5fj2khm/production/2c2bb3e95196d2120850e19c4032d3541027e0cc-1920x1080.png
image-76cd8f0de3f8a8bf4d175c9962deda7671a22318-3000x3000-jpg,2025-08-11T21:10:27Z,2025-08-11T21:10:27Z,Nathan Potraz.jpg,jpg,image/jpeg,3000,3000,1,847630,false,#cfa388,#c4685c,#947256,1,skillAuthor,Nathan Potraz,https://cdn.sanity.io/images/e5fj2khm/production/76cd8f0de3f8a8bf4d175c9962deda7671a22318-3000x3000.jpg
image-f9e7398c7e6734aae8e6a2b3c8fc06afca7f5aaa-1920x1080-png,2025-08-11T21:12:20Z,2025-08-11T21:12:20Z,Dia Background .png,png,image/png,1920,1080,1.7777777777777777,937961,true,#f7c5a5,#ea6814,#74748c,0,,,https://cdn.sanity.io/images/e5fj2khm/production/f9e7398c7e6734aae8e6a2b3c8fc06afca7f5aaa-1920x1080.png
image-987f448450e55c3541890dfbddb800a640a68d2f-3600x2250-jpg,2025-08-11T21:16:29Z,2025-08-11T21:16:29Z,0e82c9ff824a-SCR_20250730_bnpu.jpeg,jpg,image/jpeg,3600,2250,1.6,1431488,false,#454043,#1cb46c,#549f84,1,skill,backmeup-yahav,https://cdn.sanity.io/images/e5fj2khm/production/987f448450e55c3541890dfbddb800a640a68d2f-3600x2250.jpg
image-45f07d8a092bc00f550f6b3d80e2f7aa33d27d9a-2638x1972-png,2025-08-11T21:19:32Z,2025-08-11T21:19:32Z,Screenshot 2025-08-11 at 5.19.20 PM.png,png,image/png,2638,1972,1.3377281947261663,2455942,true,#efc2a6,#d86a26,#9e6172,1,skill,backmeup-yahav,https://cdn.sanity.io/images/e5fj2khm/production/45f07d8a092bc00f550f6b3d80e2f7aa33d27d9a-2638x1972.png
image-fc17bf4d9bbd33beb35b492c16c90adced72b649-2922x1964-png,2025-08-11T21:24:54Z,2025-08-11T21:24:54Z,Screenshot 2025-08-11 at 5.24.44 PM.png,png,image/png,2922,1964,1.4877800407331976,2441606,true,#5f7aae,#cb907c,#5f7aae,1,skill,jtbd-daniel,https://cdn.sanity.io/images/e5fj2khm/production/fc17bf4d9bbd33beb35b492c16c90adced72b649-2922x1964.png
image-ccc4a71ee8be4d33b6006ab6a635f986146438ee-3600x2252-png,2025-08-11T21:25:24Z,2025-08-11T21:25:24Z,935a36bf6218-Снимок_экрана_2025_07_25_в_18.29.16.png,png,image/png,3600,2252,1.5985790408525755,1270774,true,#f9f0cf,#e2b81c,#74848c,1,skill,jtbd-daniel,https://cdn.sanity.io/images/e5fj2khm/production/ccc4a71ee8be4d33b6006ab6a635f986146438ee-3600x2252.png
image-f4f5ec05511e3f58eedf4065929f92709ff2d393-500x500-jpg,2025-08-11T21:26:09Z,2025-08-11T21:26:09Z,daniel leonov.jpeg,jpg,image/jpeg,500,500,1,67242,false,#b3836c,#9c5f44,#b3836c,1,skillAuthor,Daniel Leonov,https://cdn.sanity.io/images/e5fj2khm/production/f4f5ec05511e3f58eedf4065929f92709ff2d393-500x500.jpg
image-719292395506de3d52a42534bc48dbe84eba5857-3434x2106-png,2025-08-11T21:32:44Z,2025-08-11T21:32:44Z,Screenshot 2025-08-11 at 5.32.28 PM.png,png,image/png,3434,2106,1.6305792972459638,4074456,true,#4e4746,#a74797,#ab8255,1,skill,designcritique-joey,https://cdn.sanity.io/images/e5fj2khm/production/719292395506de3d52a42534bc48dbe84eba5857-3434x2106.png
image-9bd7fe581ffe9982f3c29a85bdf6b666801cb21c-2760x1802-png,2025-08-12T12:15:17Z,2025-08-12T12:15:17Z,Screenshot 2025-08-11 at 11.58.57 PM.png,png,image/png,2760,1802,1.5316315205327413,1237011,true,#dcd9c7,#2a54d4,#848874,1,skill,doc-nathan,https://cdn.sanity.io/images/e5fj2khm/production/9bd7fe581ffe9982f3c29a85bdf6b666801cb21c-2760x1802.png
image-d538748a8d5d7c96ee4871e6767c0a2eca5e5d89-400x400-jpg,2025-08-12T16:32:22Z,2025-08-12T16:32:22Z,nolan.jpg,jpg,image/jpeg,400,400,1,12051,false,#436494,#c88254,#5e7ba1,1,skillAuthor,@nolandimensions,https://cdn.sanity.io/images/e5fj2khm/production/d538748a8d5d7c96ee4871e6767c0a2eca5e5d89-400x400.jpg
image-e16d417f362020b8f84f60819a3d9a5c3d25a2df-2268x1564-png,2025-08-12T16:35:20Z,2025-08-12T16:35:20Z,02a68bec454a-Screenshot_2025_08_05_at_7.34.59_PM.png,png,image/png,2268,1564,1.4501278772378516,1746706,true,#344e63,#297198,#5c6c96,1,skill,f1countdown-nolan,https://cdn.sanity.io/images/e5fj2khm/production/e16d417f362020b8f84f60819a3d9a5c3d25a2df-2268x1564.png
image-18456c45fadf04b88c85bc99aeb2f50fa2a127f6-2650x2024-png,2025-08-12T16:37:50Z,2025-08-12T16:37:50Z,Screenshot 2025-08-12 at 12.37.26 PM.png,png,image/png,2650,2024,1.3092885375494072,2222263,true,#413a38,#aa834c,#a65881,1,skill,f1countdown-nolan,https://cdn.sanity.io/images/e5fj2khm/production/18456c45fadf04b88c85bc99aeb2f50fa2a127f6-2650x2024.png
image-dcfebc64b3f62473841acdfc1e3eb9a31c838a9b-2854x1802-png,2025-08-14T14:37:03Z,2025-08-14T14:37:03Z,Screenshot 2025-08-14 at 10.36.47 AM.png,png,image/png,2854,1802,1.583795782463929,1753543,true,#ded8be,#62d5f1,#929078,1,skill,performance-review,https://cdn.sanity.io/images/e5fj2khm/production/dcfebc64b3f62473841acdfc1e3eb9a31c838a9b-2854x1802.png
image-f221ad3905a9f35e88312c97e90c1bd7d116511c-400x400-jpg,2025-08-14T14:46:00Z,2025-08-14T14:46:00Z,vB2kuq9S_400x400.jpg,jpg,image/jpeg,400,400,1,7792,false,#e0e3cb,#f59b53,#496699,1,skillAuthor,Team Dia,https://cdn.sanity.io/images/e5fj2khm/production/f221ad3905a9f35e88312c97e90c1bd7d116511c-400x400.jpg
image-46c51bd54c9b572e963a1a979abfc4f3723ed664-930x684-png,2025-08-14T14:51:11Z,2025-08-14T14:51:11Z,Screenshot 2025-08-14 at 10.50.53 AM.png,png,image/png,930,684,1.3596491228070176,1207497,true,#638d8a,#90b93d,#638d8a,0,,,https://cdn.sanity.io/images/e5fj2khm/production/46c51bd54c9b572e963a1a979abfc4f3723ed664-930x684.png
image-fd4ca018b3cf55f09cb41336ffe68969b39a2149-1920x1080-webp,2025-08-15T13:50:29Z,2025-08-15T13:50:29Z,jp_artwork_james_hollis_freud_product_image.webp,webp,image/webp,1920,1080,1.7777777777777777,60668,false,#4c67ab,#4c67ab,#5472ab,0,,,https://cdn.sanity.io/images/e5fj2khm/production/fd4ca018b3cf55f09cb41336ffe68969b39a2149-1920x1080.webp
image-9a5759f97c8dd19f3c1bdbf8d17d34b48b02ea19-2522x1802-png,2025-08-15T13:50:39Z,2025-08-15T13:50:39Z,Screenshot 2025-08-15 at 9.48.37 AM.png,png,image/png,2522,1802,1.3995560488346281,1868767,true,#dbbccd,#45baf0,#ae877c,1,skill,freud,https://cdn.sanity.io/images/e5fj2khm/production/9a5759f97c8dd19f3c1bdbf8d17d34b48b02ea19-2522x1802.png
image-7886de8a3fa56fb713ffa90893bdf521ea4ec206-1200x720-png,2025-08-15T18:43:08Z,2025-08-15T18:43:08Z,skill gallery 6.png,png,image/png,1200,720,1.6666666666666667,1914307,true,#4f473a,#c3d642,#7d9852,1,skill,performance-review,https://cdn.sanity.io/images/e5fj2khm/production/7886de8a3fa56fb713ffa90893bdf521ea4ec206-1200x720.png
image-20acd084fc6d719210d8f271947dbcec734b06d4-1200x720-png,2025-08-15T19:25:29Z,2025-08-15T19:25:29Z,Skills Gallery.png,png,image/png,1200,720,1.6666666666666667,825463,true,#c4bcbb,#887876,#89837f,0,,,https://cdn.sanity.io/images/e5fj2khm/production/20acd084fc6d719210d8f271947dbcec734b06d4-1200x720.png
image-177671a2f6b7d3712c3a4647f9009d501a895686-1200x720-png,2025-08-15T19:27:10Z,2025-08-15T19:27:10Z,skill gallery 5.png,png,image/png,1200,720,1.6666666666666667,699952,true,#4b68a9,#4b68a9,#5470aa,1,skill,freud,https://cdn.sanity.io/images/e5fj2khm/production/177671a2f6b7d3712c3a4647f9009d501a895686-1200x720.png
image-a9f20dbd39016ce4cb739e799693e430fd56e606-2866x1570-png,2025-08-15T19:35:24Z,2025-08-15T19:35:24Z,Screenshot 2025-08-15 at 12.34.04 PM.png,png,image/png,2866,1570,1.8254777070063695,2908250,true,#ebb1bc,#e51a41,#4b7ca8,0,,,https://cdn.sanity.io/images/e5fj2khm/production/a9f20dbd39016ce4cb739e799693e430fd56e606-2866x1570.png
image-e7f64c00ae742f0176f757e6381cf54d87cce53e-2868x1576-png,2025-08-15T19:36:22Z,2025-08-15T19:36:22Z,Screenshot 2025-08-15 at 12.35.04 PM.png,png,image/png,2868,1576,1.8197969543147208,2857273,true,#eeb0bc,#e31d42,#5379ac,0,,,https://cdn.sanity.io/images/e5fj2khm/production/e7f64c00ae742f0176f757e6381cf54d87cce53e-2868x1576.png
image-c5d062901da3cacea8bb553b037c9ffca7a10db7-1200x720-png,2025-08-18T17:25:02Z,2025-08-18T17:25:02Z,Skills Gallery (1).png,png,image/png,1200,720,1.6666666666666667,1295953,true,#9c1214,#d18210,#a18253,1,skill,budget-buddy,https://cdn.sanity.io/images/e5fj2khm/production/c5d062901da3cacea8bb553b037c9ffca7a10db7-1200x720.png
image-d0d8b2d223cb35c0ba22c4a1cb387bd629325909-2862x1572-png,2025-08-18T17:33:33Z,2025-08-18T17:33:33Z,Screenshot 2025-08-18 at 10.32.26 AM.png,png,image/png,2862,1572,1.8206106870229009,2046398,true,#d7b4bc,#62b0dc,#4c6e96,0,,,https://cdn.sanity.io/images/e5fj2khm/production/d0d8b2d223cb35c0ba22c4a1cb387bd629325909-2862x1572.png
image-43c9ef5e377d664267b09d41ca810f8c5f442748-2860x1566-png,2025-08-18T17:33:54Z,2025-08-18T17:33:54Z,Screenshot 2025-08-18 at 10.33.08 AM.png,png,image/png,2860,1566,1.826309067688378,2353782,true,#7e380a,#82aadf,#ae7464,1,skill,budget-buddy,https://cdn.sanity.io/images/e5fj2khm/production/43c9ef5e377d664267b09d41ca810f8c5f442748-2860x1566.png
image-90be6c4ee4a31bc0ca0e127507c0202806de79f7-2870x1572-png,2025-08-18T17:42:23Z,2025-08-18T17:42:23Z,Screenshot 2025-08-18 at 10.41.18 AM.png,png,image/png,2870,1572,1.8256997455470738,1942461,true,#d9bcb4,#466ab8,#647c94,0,,,https://cdn.sanity.io/images/e5fj2khm/production/90be6c4ee4a31bc0ca0e127507c0202806de79f7-2870x1572.png
image-55dbc688bb88c1100a7be33c61913238d363dc4c-2862x1564-png,2025-08-18T17:42:41Z,2025-08-18T17:42:41Z,Screenshot 2025-08-18 at 10.41.51 AM.png,png,image/png,2862,1564,1.829923273657289,1537719,true,#e5d1dd,#d92566,#647c90,0,,,https://cdn.sanity.io/images/e5fj2khm/production/55dbc688bb88c1100a7be33c61913238d363dc4c-2862x1564.png
image-7cd78c55b7dbd14b29cf148c22932311c635be49-1200x720-png,2025-08-18T17:45:44Z,2025-08-18T17:45:44Z,Skills Gallery (2).png,png,image/png,1200,720,1.6666666666666667,813224,true,#787670,#83b24c,#787670,1,skill,syllabus,https://cdn.sanity.io/images/e5fj2khm/production/7cd78c55b7dbd14b29cf148c22932311c635be49-1200x720.png
image-cf0974373ac7167137e5b0119facdc89a2ccfb28-1200x720-png,2025-08-18T17:46:45Z,2025-08-18T17:46:45Z,Skills Gallery (3).png,png,image/png,1200,720,1.6666666666666667,870835,true,#8e7a73,#b08e4e,#8e7a73,0,,,https://cdn.sanity.io/images/e5fj2khm/production/cf0974373ac7167137e5b0119facdc89a2ccfb28-1200x720.png
image-529f009547e70578a6bb66ee88be600b5d921dc5-2848x1576-png,2025-08-18T17:58:34Z,2025-08-18T17:58:34Z,Screenshot 2025-08-18 at 10.56.40 AM.png,png,image/png,2848,1576,1.8071065989847717,2701726,true,#dab4bd,#d86c34,#5ca681,1,skill,regret-taking-this-class,https://cdn.sanity.io/images/e5fj2khm/production/529f009547e70578a6bb66ee88be600b5d921dc5-2848x1576.png
image-f5022679072fc50e2e5964bc89aca290488e1d9a-2852x1566-png,2025-08-18T17:58:47Z,2025-08-18T17:58:47Z,Screenshot 2025-08-18 at 10.57.09 AM.png,png,image/png,2852,1566,1.8212005108556832,2287883,true,#f4a9d6,#e21c93,#a46c74,0,,,https://cdn.sanity.io/images/e5fj2khm/production/f5022679072fc50e2e5964bc89aca290488e1d9a-2852x1566.png
image-79073e78ff55002acf36a5b364b9ad38a89f1c6e-2852x1562-png,2025-08-18T17:58:57Z,2025-08-18T17:58:57Z,Screenshot 2025-08-18 at 10.58.10 AM.png,png,image/png,2852,1562,1.825864276568502,2253862,true,#d9a7a9,#ed116a,#9cc494,0,,,https://cdn.sanity.io/images/e5fj2khm/production/79073e78ff55002acf36a5b364b9ad38a89f1c6e-2852x1562.png
image-9dcd7cf576d77a43e9861f4f25b3f30738ef7b3b-1200x720-png,2025-08-18T18:01:29Z,2025-08-18T18:01:29Z,Skills Gallery (4).png,png,image/png,1200,720,1.6666666666666667,1226781,true,#e63b32,#e63b32,#7b4a3b,1,skill,flashcards,https://cdn.sanity.io/images/e5fj2khm/production/9dcd7cf576d77a43e9861f4f25b3f30738ef7b3b-1200x720.png
image-c7731c0c75bb0efa9e5c2c1db845b4ef6af49100-2852x1566-png,2025-08-18T18:06:38Z,2025-08-18T18:06:38Z,Screenshot 2025-08-18 at 11.05.33 AM.png,png,image/png,2852,1566,1.8212005108556832,3781234,true,#d9adb9,#b17e1f,#64697c,1,skill,flashcards,https://cdn.sanity.io/images/e5fj2khm/production/c7731c0c75bb0efa9e5c2c1db845b4ef6af49100-2852x1566.png
image-292779d76fcd95336b52f437b88010bc4f977046-1200x720-png,2025-08-18T18:08:00Z,2025-08-18T18:08:00Z,Skills Gallery 12.png,png,image/png,1200,720,1.6666666666666667,908955,true,#7e8c8d,#10aa4b,#7e8c8d,1,skill,job-fit,https://cdn.sanity.io/images/e5fj2khm/production/292779d76fcd95336b52f437b88010bc4f977046-1200x720.png
image-a7af46b0594a588ba20931fa1dd3379e117b4492-2840x1570-png,2025-08-18T18:13:51Z,2025-08-18T18:13:51Z,Screenshot 2025-08-18 at 11.12.41 AM.png,png,image/png,2840,1570,1.8089171974522293,1903974,true,#efa1b8,#d9255a,#a4746c,0,,,https://cdn.sanity.io/images/e5fj2khm/production/a7af46b0594a588ba20931fa1dd3379e117b4492-2840x1570.png
image-48aa2f8d09cf7dbb552fe0132e923033aa1d408f-2842x1560-png,2025-08-18T18:14:03Z,2025-08-18T18:14:03Z,Screenshot 2025-08-18 at 11.13.07 AM.png,png,image/png,2842,1560,1.8217948717948718,1477407,true,#f4a8cf,#7c84cc,#8c849c,0,,,https://cdn.sanity.io/images/e5fj2khm/production/48aa2f8d09cf7dbb552fe0132e923033aa1d408f-2842x1560.png
image-d351fcaa2de9c278fed9e78559bf397526e85736-2854x1556-png,2025-08-18T18:14:14Z,2025-08-18T18:14:14Z,Screenshot 2025-08-18 at 11.13.32 AM.png,png,image/png,2854,1556,1.8341902313624678,1449758,true,#f5a9d6,#cc8c94,#847c8c,0,,,https://cdn.sanity.io/images/e5fj2khm/production/d351fcaa2de9c278fed9e78559bf397526e85736-2854x1556.png
image-5b81f011cd867d13f209c48b94cbae7c881a4008-1200x720-png,2025-08-18T18:20:59Z,2025-08-18T18:20:59Z,Skills Gallery (5).png,png,image/png,1200,720,1.6666666666666667,1658177,true,#304953,#ce481d,#42747b,1,skill,fact-check,https://cdn.sanity.io/images/e5fj2khm/production/5b81f011cd867d13f209c48b94cbae7c881a4008-1200x720.png
image-de05b78c479020cb73ae46701000f0cab6d9c93a-2854x1556-png,2025-08-18T18:29:36Z,2025-08-18T18:29:36Z,Screenshot 2025-08-18 at 11.28.49 AM.png,png,image/png,2854,1556,1.8341902313624678,3166362,true,#8d898a,#e51988,#8d898a,0,,,https://cdn.sanity.io/images/e5fj2khm/production/de05b78c479020cb73ae46701000f0cab6d9c93a-2854x1556.png
image-1d8a165f3e80df67fcaa807c04d032fefe8db0d2-2844x1548-png,2025-08-18T18:29:47Z,2025-08-18T18:29:47Z,Screenshot 2025-08-18 at 11.29.17 AM.png,png,image/png,2844,1548,1.8372093023255813,2614875,true,#8b8b8b,#378aaf,#8b8b8b,0,,,https://cdn.sanity.io/images/e5fj2khm/production/1d8a165f3e80df67fcaa807c04d032fefe8db0d2-2844x1548.png
image-e8b2247d3a35aecedda0e5b2aef0352c162c6020-1200x720-png,2025-08-18T18:52:51Z,2025-08-18T18:52:51Z,Skills Gallery (6).png,png,image/png,1200,720,1.6666666666666667,946186,true,#a5915e,#e2872a,#a5915e,1,skill,color-analysis-olivia,https://cdn.sanity.io/images/e5fj2khm/production/e8b2247d3a35aecedda0e5b2aef0352c162c6020-1200x720.png
image-ae74d7749ccada79dc53f2c249679e6a7ad1318b-1200x720-png,2025-08-18T18:59:55Z,2025-08-18T18:59:55Z,Skills Gallery (7).png,png,image/png,1200,720,1.6666666666666667,1046437,true,#a38d75,#e5d219,#a38d75,1,skill,smartshopper-tanduyha,https://cdn.sanity.io/images/e5fj2khm/production/ae74d7749ccada79dc53f2c249679e6a7ad1318b-1200x720.png
image-1cfe07f3594b56ad7009b136d8165acd38125ec7-1200x720-png,2025-08-18T19:05:35Z,2025-08-18T19:05:35Z,Skills Gallery (8).png,png,image/png,1200,720,1.6666666666666667,1556409,true,#333a3c,#20aacd,#ae835c,1,skill,compare-tahin,https://cdn.sanity.io/images/e5fj2khm/production/1cfe07f3594b56ad7009b136d8165acd38125ec7-1200x720.png
image-2fca2a2e5038b5df4ded716401dca896cee9e0f3-1200x720-png,2025-08-18T19:09:16Z,2025-08-18T19:09:16Z,Skills Gallery (9).png,png,image/png,1200,720,1.6666666666666667,1653819,true,#bfbec3,#2a7fd4,#757377,1,skill,carplay-marwan,https://cdn.sanity.io/images/e5fj2khm/production/2fca2a2e5038b5df4ded716401dca896cee9e0f3-1200x720.png
image-e83db367a6119a1486539a7c2eda51dec39ad54f-1200x720-png,2025-08-18T19:15:15Z,2025-08-18T19:15:15Z,Skills Gallery (10).png,png,image/png,1200,720,1.6666666666666667,1809134,true,#86182a,#dd5928,#749ca4,1,skill,promo-egor,https://cdn.sanity.io/images/e5fj2khm/production/e83db367a6119a1486539a7c2eda51dec39ad54f-1200x720.png
image-c9fed6a2fc5a291cc0cbc2a0b13d44ceff9a827b-1200x720-png,2025-08-18T19:19:32Z,2025-08-18T19:19:32Z,Skills Gallery (11).png,png,image/png,1200,720,1.6666666666666667,1517753,true,#c3ad97,#976841,#ab8463,0,,,https://cdn.sanity.io/images/e5fj2khm/production/c9fed6a2fc5a291cc0cbc2a0b13d44ceff9a827b-1200x720.png
image-00d00900d868878bb5e25632e90e1c3a768a43d2-1200x720-png,2025-08-18T19:47:34Z,2025-08-18T19:47:34Z,Skills Gallery (12).png,png,image/png,1200,720,1.6666666666666667,1545284,true,#93654f,#b08654,#93654f,0,,,https://cdn.sanity.io/images/e5fj2khm/production/00d00900d868878bb5e25632e90e1c3a768a43d2-1200x720.png
image-a7b05b9122a2bda0af4b02cc09c8e16c7b0c7851-1200x720-png,2025-08-18T19:50:37Z,2025-08-18T19:50:37Z,Skills Gallery (13).png,png,image/png,1200,720,1.6666666666666667,1768383,true,#722e1f,#a43e11,#936750,0,,,https://cdn.sanity.io/images/e5fj2khm/production/a7b05b9122a2bda0af4b02cc09c8e16c7b0c7851-1200x720.png
image-055e08098dc0a7435d6c19149a7d0ccfd7079623-1200x720-png,2025-08-18T19:53:39Z,2025-08-18T19:53:39Z,Skills Gallery (14).png,png,image/png,1200,720,1.6666666666666667,814397,true,#a5bbd1,#92693d,#6c849e,1,skill,gmailtodoextractor-abdu,https://cdn.sanity.io/images/e5fj2khm/production/055e08098dc0a7435d6c19149a7d0ccfd7079623-1200x720.png
image-c20cd8dfae874afe83290550713e6a59c174064a-85x85-svg,2025-08-19T15:56:04Z,2025-08-19T15:56:04Z,Frame 3466064.svg,svg,image/svg+xml,85,85,1,1042,true,#1c1c1c,#7f7f7f,#4c4c4c,0,,,https://cdn.sanity.io/images/e5fj2khm/production/c20cd8dfae874afe83290550713e6a59c174064a-85x85.svg
image-a76dca80e7eae30f06d3fc74dbb47c44e2662236-85x85-svg,2025-08-19T15:56:07Z,2025-08-19T15:56:07Z,Frame 3465967.svg,svg,image/svg+xml,85,85,1,3273,true,#242424,#7f7f7f,#4c4c4c,1,studentsLandingPage,studentsLandingPage,https://cdn.sanity.io/images/e5fj2khm/production/a76dca80e7eae30f06d3fc74dbb47c44e2662236-85x85.svg
image-080d7635f16d0511b6ca5b82bf31a8aaebf08124-85x85-svg,2025-08-19T15:56:11Z,2025-08-19T15:56:11Z,Frame 3466017.svg,svg,image/svg+xml,85,85,1,2456,true,#1c1c1c,#7f7f7f,#4c4c4c,1,studentsLandingPage,studentsLandingPage,https://cdn.sanity.io/images/e5fj2khm/production/080d7635f16d0511b6ca5b82bf31a8aaebf08124-85x85.svg
image-d527d56671bf8f015899aad58387da0e75893e1c-85x85-svg,2025-08-19T15:56:14Z,2025-08-19T15:56:14Z,Frame 3465972.svg,svg,image/svg+xml,85,85,1,1044,true,#1c1c1c,#7f7f7f,#4c4c4c,1,studentsLandingPage,studentsLandingPage,https://cdn.sanity.io/images/e5fj2khm/production/d527d56671bf8f015899aad58387da0e75893e1c-85x85.svg
image-cb759f8ecf8fbe7899fac75e42ff007913b50a57-85x85-svg,2025-08-19T15:56:16Z,2025-08-19T15:56:16Z,Frame 3465963.svg,svg,image/svg+xml,85,85,1,2785,true,#242424,#7f7f7f,#4c4c4c,0,,,https://cdn.sanity.io/images/e5fj2khm/production/cb759f8ecf8fbe7899fac75e42ff007913b50a57-85x85.svg
image-a256c30bea487d7b470d9b8f90ab0ce5062239b6-85x85-svg,2025-08-19T15:56:20Z,2025-08-19T15:56:20Z,Frame 3465970.svg,svg,image/svg+xml,85,85,1,2117,true,#242424,#7f7f7f,#4c4c4c,0,,,https://cdn.sanity.io/images/e5fj2khm/production/a256c30bea487d7b470d9b8f90ab0ce5062239b6-85x85.svg
image-80e177323790a65f63e3f3e16715cbdf43b8544c-85x85-svg,2025-08-19T15:56:25Z,2025-08-19T15:56:25Z,Frame 3465960.svg,svg,image/svg+xml,85,85,1,4403,true,#242424,#7f7f7f,#4c4c4c,0,,,https://cdn.sanity.io/images/e5fj2khm/production/80e177323790a65f63e3f3e16715cbdf43b8544c-85x85.svg
image-0917a164cf885255fb0d4ae1bbf0bf6cb3ab89df-1200x720-png,2025-08-19T16:25:41Z,2025-08-19T16:25:41Z,skill gallery 24.png,png,image/png,1200,720,1.6666666666666667,511594,true,#900708,#f08e0a,#9c845c,1,skill,dalai-lama,https://cdn.sanity.io/images/e5fj2khm/production/0917a164cf885255fb0d4ae1bbf0bf6cb3ab89df-1200x720.png
image-3bbaeb399c33cc3f55a75a41da099d9220705885-48x48-svg,2025-08-19T16:35:59Z,2025-08-19T16:35:59Z,Frame 3466005.svg,svg,image/svg+xml,48,48,1,1877,true,#242424,#7f7f7f,#4c4c4c,1,studentsLandingPage,studentsLandingPage,https://cdn.sanity.io/images/e5fj2khm/production/3bbaeb399c33cc3f55a75a41da099d9220705885-48x48.svg
image-bf0185961bf3425d1ca30817935e84d2a5cb34c2-2676x1856-png,2025-08-19T16:37:27Z,2025-08-19T16:37:27Z,Screenshot 2025-08-19 at 12.37.02 PM.png,png,image/png,2676,1856,1.4418103448275863,2668437,true,#567ba4,#5c94bc,#567ba4,1,skill,dalai-lama,https://cdn.sanity.io/images/e5fj2khm/production/bf0185961bf3425d1ca30817935e84d2a5cb34c2-2676x1856.png
image-180417219a0d88613074c59b7d4ce79622b8671b-60x60-svg,2025-08-19T16:37:34Z,2025-08-19T16:37:34Z,fire-color.svg,svg,image/svg+xml,60,60,1,6213,true,#f6950b,#f6950b,#a88549,0,,,https://cdn.sanity.io/images/e5fj2khm/production/180417219a0d88613074c59b7d4ce79622b8671b-60x60.svg
image-5ef3cc5181364fc5d48eff64878d415072eabc76-504x380-png,2025-08-19T16:41:47Z,2025-08-19T16:41:47Z,Frame 3466059.png,png,image/png,504,380,1.3263157894736841,68541,true,#f83b1c,#f83b1c,#a4ac74,0,,,https://cdn.sanity.io/images/e5fj2khm/production/5ef3cc5181364fc5d48eff64878d415072eabc76-504x380.png
image-588720cf2d189eaf506a2eb953ac041cc3d384b7-504x380-png,2025-08-19T16:42:08Z,2025-08-19T16:42:08Z,Frame 3466058.png,png,image/png,504,380,1.3263157894736841,139832,true,#fcc4fc,#f20cf2,#967c63,1,studentsLandingPage,studentsLandingPage,https://cdn.sanity.io/images/e5fj2khm/production/588720cf2d189eaf506a2eb953ac041cc3d384b7-504x380.png
image-fb98dfb28d53a15cd7708a460fd99269f477ef0d-504x380-png,2025-08-19T16:42:29Z,2025-08-19T16:42:29Z,asdf.png,png,image/png,504,380,1.3263157894736841,50144,true,#fcb404,#fcb404,#ae9452,0,,,https://cdn.sanity.io/images/e5fj2khm/production/fb98dfb28d53a15cd7708a460fd99269f477ef0d-504x380.png
image-0690c096d459b13c2474432fb1e39c3b2ff17b7a-504x380-png,2025-08-19T16:42:52Z,2025-08-19T16:42:52Z,Frame 3466060.png,png,image/png,504,380,1.3263157894736841,50344,true,#0454f4,#0454f4,#8191a3,0,,,https://cdn.sanity.io/images/e5fj2khm/production/0690c096d459b13c2474432fb1e39c3b2ff17b7a-504x380.png
image-7ae903ee758c5e1571cb05b627933612086bc497-1200x720-png,2025-08-19T18:48:54Z,2025-08-19T18:48:54Z,Skills Gallery (15).png,png,image/png,1200,720,1.6666666666666667,871664,true,#8e7a73,#b08e4e,#8e7a73,1,skill,regret-taking-this-class,https://cdn.sanity.io/images/e5fj2khm/production/7ae903ee758c5e1571cb05b627933612086bc497-1200x720.png
image-b1eb88623bdb526d3fcdaaf190e765e250bca22b-1200x720-png,2025-08-19T19:18:52Z,2025-08-19T19:18:52Z,Skills Gallery (16).png,png,image/png,1200,720,1.6666666666666667,1768186,true,#722e1f,#a43e11,#936750,1,skill,dailywrap-malay,https://cdn.sanity.io/images/e5fj2khm/production/b1eb88623bdb526d3fcdaaf190e765e250bca22b-1200x720.png
image-2f57c62d325ed3d2581256bb42db28d9cf05d922-1200x720-png,2025-08-19T19:19:56Z,2025-08-19T19:19:56Z,Skills Gallery (17).png,png,image/png,1200,720,1.6666666666666667,1544836,true,#93654f,#b08654,#93654f,0,,,https://cdn.sanity.io/images/e5fj2khm/production/2f57c62d325ed3d2581256bb42db28d9cf05d922-1200x720.png
image-52c5a4c8fc1dcd9a7ea51b4f7ae88312eda60300-1200x720-png,2025-08-19T19:20:51Z,2025-08-19T19:20:51Z,Skills Gallery (18).png,png,image/png,1200,720,1.6666666666666667,1517859,true,#c3ad97,#976841,#ab8463,1,skill,concerts-hannahp,https://cdn.sanity.io/images/e5fj2khm/production/52c5a4c8fc1dcd9a7ea51b4f7ae88312eda60300-1200x720.png
image-b0725e10bc03c1cafe3a5bcd9300f11188f679c4-1200x720-png,2025-08-19T19:34:26Z,2025-08-19T19:34:26Z,Skills Gallery (19).png,png,image/png,1200,720,1.6666666666666667,1484334,true,#c9a799,#bc684c,#58a37a,1,skill,fenton-jack,https://cdn.sanity.io/images/e5fj2khm/production/b0725e10bc03c1cafe3a5bcd9300f11188f679c4-1200x720.png
image-6eddc604f3d7e1a140a0ad0e45d30135b25f225b-1200x720-png,2025-08-19T19:40:02Z,2025-08-19T19:40:02Z,Skills Gallery 25.png,png,image/png,1200,720,1.6666666666666667,472881,true,#bcbcbc,#7f7f7f,#848484,1,skill,carnegie-noah,https://cdn.sanity.io/images/e5fj2khm/production/6eddc604f3d7e1a140a0ad0e45d30135b25f225b-1200x720.png
image-b5aacfd201331de37d3bc5cb5bc723eb18e6015b-1200x720-png,2025-08-19T19:48:21Z,2025-08-19T19:48:21Z,Skills Gallery (20).png,png,image/png,1200,720,1.6666666666666667,1059838,true,#4c6cbc,#4c6cbc,#a47056,1,skill,cuban-noah,https://cdn.sanity.io/images/e5fj2khm/production/b5aacfd201331de37d3bc5cb5bc723eb18e6015b-1200x720.png
image-db96627f8cf4aa86a313df7d27acf32d966227ce-1200x720-png,2025-08-19T20:29:10Z,2025-08-19T20:29:10Z,Skills Gallery (21).png,png,image/png,1200,720,1.6666666666666667,986548,true,#be6c33,#be6c33,#a97d52,0,,,https://cdn.sanity.io/images/e5fj2khm/production/db96627f8cf4aa86a313df7d27acf32d966227ce-1200x720.png
image-2d41e8e5433090d4867e201fe1752f7f52b89644-1200x720-png,2025-08-19T20:44:37Z,2025-08-19T20:44:37Z,Skills Gallery (22).png,png,image/png,1200,720,1.6666666666666667,731223,true,#bcc4cc,#c9763c,#a6834e,0,,,https://cdn.sanity.io/images/e5fj2khm/production/2d41e8e5433090d4867e201fe1752f7f52b89644-1200x720.png
image-673e7e2c17041b47d6e20f958d8597a6a282127e-1200x720-png,2025-08-19T20:49:58Z,2025-08-19T20:49:58Z,Skills Gallery (23).png,png,image/png,1200,720,1.6666666666666667,1093370,true,#c0a95a,#c0a95a,#a49c5c,1,skill,studyqs-aaron,https://cdn.sanity.io/images/e5fj2khm/production/673e7e2c17041b47d6e20f958d8597a6a282127e-1200x720.png
image-95fde47926cf1bb79a7acba287332e7aeaeec9f7-1200x720-png,2025-08-19T21:02:40Z,2025-08-19T21:02:40Z,Skills Gallery (24).png,png,image/png,1200,720,1.6666666666666667,1675093,true,#97826c,#c89c88,#97826c,0,,,https://cdn.sanity.io/images/e5fj2khm/production/95fde47926cf1bb79a7acba287332e7aeaeec9f7-1200x720.png
image-a33c72868e2290772a324d2f9a64c6611575e60c-1200x720-png,2025-08-19T21:07:04Z,2025-08-19T21:07:04Z,Skills Gallery 31.png,png,image/png,1200,720,1.6666666666666667,1871348,true,#ab6854,#9f433b,#ab6854,1,skill,eli5-funpilgrim,https://cdn.sanity.io/images/e5fj2khm/production/a33c72868e2290772a324d2f9a64c6611575e60c-1200x720.png
image-735c21aaa1287cfc92a8cf2e4a9aef4a3071a353-1200x720-png,2025-08-19T22:09:08Z,2025-08-19T22:09:08Z,Skills Gallery (25).png,png,image/png,1200,720,1.6666666666666667,1509533,true,#8e9978,#baa315,#8e9978,0,,,https://cdn.sanity.io/images/e5fj2khm/production/735c21aaa1287cfc92a8cf2e4a9aef4a3071a353-1200x720.png
image-9e3e712ba86d0656147a065190fdf9a1bd8b0bac-1200x720-png,2025-08-19T22:13:06Z,2025-08-19T22:13:06Z,Skills Gallery 33.png,png,image/png,1200,720,1.6666666666666667,681232,true,#1b5012,#449c2f,#71a461,0,,,https://cdn.sanity.io/images/e5fj2khm/production/9e3e712ba86d0656147a065190fdf9a1bd8b0bac-1200x720.png
image-4b59e8730e596539be4f4cf5df48e24784d5a53d-1200x720-png,2025-08-19T22:17:26Z,2025-08-19T22:17:26Z,Skills Gallery (26).png,png,image/png,1200,720,1.6666666666666667,443903,true,#8c8073,#6d7791,#8c8073,1,skill,reflect,https://cdn.sanity.io/images/e5fj2khm/production/4b59e8730e596539be4f4cf5df48e24784d5a53d-1200x720.png
image-d54de5334cbb1363dac5f2528dc07e8853db99b8-1200x720-png,2025-08-19T22:20:07Z,2025-08-19T22:20:07Z,Skills Gallery 35.png,png,image/png,1200,720,1.6666666666666667,1203456,true,#464046,#99444c,#946c76,0,,,https://cdn.sanity.io/images/e5fj2khm/production/d54de5334cbb1363dac5f2528dc07e8853db99b8-1200x720.png
image-211cebc5ffb2068f9eb270b1dd7055050bfbda2d-1200x720-png,2025-08-19T22:21:50Z,2025-08-19T22:21:50Z,Skills Gallery 35 (1).png,png,image/png,1200,720,1.6666666666666667,1201883,true,#463f45,#99444c,#92625f,0,,,https://cdn.sanity.io/images/e5fj2khm/production/211cebc5ffb2068f9eb270b1dd7055050bfbda2d-1200x720.png
image-be94e4a693e917857b7c1d61a8d5bbc240039e9f-1200x720-png,2025-08-19T22:26:46Z,2025-08-19T22:26:46Z,Skills Gallery 36.png,png,image/png,1200,720,1.6666666666666667,1731056,true,#999c8e,#bd2c05,#9d8a6a,0,,,https://cdn.sanity.io/images/e5fj2khm/production/be94e4a693e917857b7c1d61a8d5bbc240039e9f-1200x720.png
image-a5262650e08ab49519c94d1be6fdeb4e58d53b92-1200x720-png,2025-08-19T22:30:50Z,2025-08-19T22:30:50Z,Skills Gallery 37.png,png,image/png,1200,720,1.6666666666666667,1382349,true,#2c2c84,#2c2c84,#5b64a1,0,,,https://cdn.sanity.io/images/e5fj2khm/production/a5262650e08ab49519c94d1be6fdeb4e58d53b92-1200x720.png
image-9dc7d1ba10e18de998987a5c7c5dd42b95f91cae-1200x720-png,2025-08-20T00:44:48Z,2025-08-20T00:44:48Z,skill gallery 38 (1).png,png,image/png,1200,720,1.6666666666666667,954566,true,#3d3c39,#619d7d,#827e75,3,skill,future-self,https://cdn.sanity.io/images/e5fj2khm/production/9dc7d1ba10e18de998987a5c7c5dd42b95f91cae-1200x720.png
image-bb52da483b791603b27de061397f529bfdc1d083-1200x720-png,2025-08-20T01:00:10Z,2025-08-20T01:00:10Z,skill gallery 38.png,png,image/png,1200,720,1.6666666666666667,928910,true,#42413d,#4eb089,#817e75,0,,,https://cdn.sanity.io/images/e5fj2khm/production/bb52da483b791603b27de061397f529bfdc1d083-1200x720.png
image-a9f2c9cf1c4676b67e052c9db6640f8b6fc6999e-2516x1676-png,2025-08-20T01:28:35Z,2025-08-20T01:28:35Z,Screenshot 2025-08-19 at 8.49.33 PM.png,png,image/png,2516,1676,1.5011933174224343,2214349,true,#c4d4bc,#4ab455,#549484,1,skill,future-self,https://cdn.sanity.io/images/e5fj2khm/production/a9f2c9cf1c4676b67e052c9db6640f8b6fc6999e-2516x1676.png
image-8d4b1a89cf85b5822df70ea9355530b718611370-2496x1746-png,2025-08-20T01:28:45Z,2025-08-20T01:28:45Z,Screenshot 2025-08-19 at 9.28.16 PM.png,png,image/png,2496,1746,1.429553264604811,2039819,true,#3e4b61,#55c775,#6a7fa7,1,skill,future-self,https://cdn.sanity.io/images/e5fj2khm/production/8d4b1a89cf85b5822df70ea9355530b718611370-2496x1746.png
image-ca4cb0955afdfc472173e6e3c11781c119703996-1200x720-png,2025-08-20T16:13:32Z,2025-08-20T16:13:32Z,Skills Gallery (27).png,png,image/png,1200,720,1.6666666666666667,808639,true,#c4bcbc,#877777,#89837f,1,skill,cite,https://cdn.sanity.io/images/e5fj2khm/production/ca4cb0955afdfc472173e6e3c11781c119703996-1200x720.png
image-b19ddc369dc7e26c65533860e12b8ae5c91ecc49-1200x720-png,2025-08-20T16:14:48Z,2025-08-20T16:14:48Z,Skills Gallery 30 (1).png,png,image/png,1200,720,1.6666666666666667,1672911,true,#97836d,#c4a484,#97836d,1,skill,quiz-me,https://cdn.sanity.io/images/e5fj2khm/production/b19ddc369dc7e26c65533860e12b8ae5c91ecc49-1200x720.png
image-4980c9a22301942acae5757feefab91ae39b6e33-1200x720-png,2025-08-20T16:22:10Z,2025-08-20T16:22:10Z,Skills Gallery 39 (1).png,png,image/png,1200,720,1.6666666666666667,773944,true,#762022,#e92927,#a4947c,1,skill,devilsadvocate-devin,https://cdn.sanity.io/images/e5fj2khm/production/4980c9a22301942acae5757feefab91ae39b6e33-1200x720.png
image-2517286b26124c2a5165c6a76934e53552a722ed-2856x1566-png,2025-08-20T16:27:25Z,2025-08-20T16:27:25Z,Screenshot 2025-08-20 at 9.26.40 AM.png,png,image/png,2856,1566,1.8237547892720307,3233626,true,#c1b4b6,#3568c4,#aa8349,1,skill,devilsadvocate-devin,https://cdn.sanity.io/images/e5fj2khm/production/2517286b26124c2a5165c6a76934e53552a722ed-2856x1566.png
image-28aeae3ddee24b3bf41a1014ff85f9aac0265036-1200x720-png,2025-08-20T16:34:33Z,2025-08-20T16:34:33Z,Skills Gallery 40.png,png,image/png,1200,720,1.6666666666666667,862373,true,#7c7c7c,#7f7f7f,#7c7c7c,1,skill,outline,https://cdn.sanity.io/images/e5fj2khm/production/28aeae3ddee24b3bf41a1014ff85f9aac0265036-1200x720.png
image-c6fd386e5dd744bf45f3a4289adc2cfa30c66ece-2850x1564-png,2025-08-20T16:40:05Z,2025-08-20T16:40:05Z,Screenshot 2025-08-20 at 9.37.23 AM.png,png,image/png,2850,1564,1.8222506393861893,2417272,true,#d1b3a1,#e31b93,#748c96,1,skill,outline,https://cdn.sanity.io/images/e5fj2khm/production/c6fd386e5dd744bf45f3a4289adc2cfa30c66ece-2850x1564.png
image-651995beafed340787d8c34b52ba5c1ae25df162-2850x1560-png,2025-08-20T16:40:18Z,2025-08-20T16:40:18Z,Screenshot 2025-08-20 at 9.39.42 AM.png,png,image/png,2850,1560,1.8269230769230769,2550504,true,#dec6b5,#cab38b,#ab9553,1,skill,outline,https://cdn.sanity.io/images/e5fj2khm/production/651995beafed340787d8c34b52ba5c1ae25df162-2850x1560.png
image-a65b71ebd190c9ef095ce729477d20c357d879aa-2848x1556-png,2025-08-20T16:57:54Z,2025-08-20T16:57:54Z,Screenshot 2025-08-20 at 9.56.42 AM.png,png,image/png,2848,1556,1.8303341902313626,2440398,true,#debeb3,#dfba47,#6c9474,1,skill,cite,https://cdn.sanity.io/images/e5fj2khm/production/a65b71ebd190c9ef095ce729477d20c357d879aa-2848x1556.png
image-ce12f8bfe74c9c6673f9e40c908d3d750b217e49-2840x1542-png,2025-08-20T16:58:12Z,2025-08-20T16:58:12Z,Screenshot 2025-08-20 at 9.57.33 AM.png,png,image/png,2840,1542,1.841763942931258,2787615,true,#d3a1a8,#ce946c,#947c65,1,skill,cite,https://cdn.sanity.io/images/e5fj2khm/production/ce12f8bfe74c9c6673f9e40c908d3d750b217e49-2840x1542.png
image-a2f12779d288493d6aefaab950aaaece4b5ee000-2850x1540-png,2025-08-20T17:07:12Z,2025-08-20T17:07:12Z,Screenshot 2025-08-20 at 10.06.50 AM.png,png,image/png,2850,1540,1.8506493506493507,2458315,true,#f3b2c4,#dc2255,#649474,1,skill,fact-check,https://cdn.sanity.io/images/e5fj2khm/production/a2f12779d288493d6aefaab950aaaece4b5ee000-2850x1540.png
image-1a9f39607c0ec0aebca96801b540fbf9350126f1-2846x1556-png,2025-08-20T17:13:46Z,2025-08-20T17:13:46Z,Screenshot 2025-08-20 at 10.13.33 AM.png,png,image/png,2846,1556,1.8290488431876606,1457662,true,#f0acb7,#dd86a0,#797979,1,skill,job-fit,https://cdn.sanity.io/images/e5fj2khm/production/1a9f39607c0ec0aebca96801b540fbf9350126f1-2846x1556.png
image-d2e462e695ec2b989a7ae187cb5d6eb19c541ffc-2840x1562-png,2025-08-20T17:15:43Z,2025-08-20T17:15:43Z,Screenshot 2025-08-20 at 10.15.26 AM.png,png,image/png,2840,1562,1.8181818181818181,2518227,true,#e7c1b4,#c15f3d,#9f7861,1,skill,budget-buddy,https://cdn.sanity.io/images/e5fj2khm/production/d2e462e695ec2b989a7ae187cb5d6eb19c541ffc-2840x1562.png
image-59d6b17615cdeb159262fe58f021714a1e38a20f-2840x1560-png,2025-08-20T17:18:30Z,2025-08-20T17:18:30Z,Screenshot 2025-08-20 at 10.18.16 AM.png,png,image/png,2840,1560,1.8205128205128205,2138735,true,#d5adb7,#df1fa6,#9e8e90,1,skill,syllabus,https://cdn.sanity.io/images/e5fj2khm/production/59d6b17615cdeb159262fe58f021714a1e38a20f-2840x1560.png
image-ad98a7ebbad02d1105b5c13ece5c71a7c3a667f0-2846x1544-png,2025-08-20T17:18:44Z,2025-08-20T17:18:44Z,Screenshot 2025-08-20 at 10.17.09 AM.png,png,image/png,2846,1544,1.8432642487046633,2018981,true,#bfb3b5,#dc2246,#9c7464,1,skill,syllabus,https://cdn.sanity.io/images/e5fj2khm/production/ad98a7ebbad02d1105b5c13ece5c71a7c3a667f0-2846x1544.png
image-bab63826f5b6e53d1f74be78a34295701d0dc0e9-400x400-jpg,2025-08-20T18:50:07Z,2025-08-20T18:50:07Z,Olenyoonok Profile Picture.jpg,jpg,image/jpeg,400,400,1,28482,false,#fae9dc,#5049e1,#5872a7,1,skillAuthor,@olenyoonok,https://cdn.sanity.io/images/e5fj2khm/production/bab63826f5b6e53d1f74be78a34295701d0dc0e9-400x400.jpg
image-3eb175523a97897da43e617f84eea700a3a1e424-1080x1080-jpg,2025-08-20T18:51:17Z,2025-08-20T18:51:17Z,Instagram Image 1080x1080.jpg,jpg,image/jpeg,1080,1080,1,111037,false,#444444,#7f7f7f,#7c7c7c,1,skillAuthor,@john_paul.cal,https://cdn.sanity.io/images/e5fj2khm/production/3eb175523a97897da43e617f84eea700a3a1e424-1080x1080.jpg
image-8c17101bce1eb76f95398b98dbfc1aa127606173-839x839-png,2025-08-20T18:52:26Z,2025-08-20T18:52:26Z,image.png,png,image/png,839,839,1,1130255,false,#85abf8,#e43f2a,#871e11,1,skillAuthor,@echen347,https://cdn.sanity.io/images/e5fj2khm/production/8c17101bce1eb76f95398b98dbfc1aa127606173-839x839.png
image-fe037bf3efcd5c45c7da60df7fdf62bd3e8cfa0b-1080x1080-jpg,2025-08-20T18:53:49Z,2025-08-20T18:53:49Z,Instagram Image.jpg,jpg,image/jpeg,1080,1080,1,330426,false,#e9d60a,#e9d60a,#928606,0,,,https://cdn.sanity.io/images/e5fj2khm/production/fe037bf3efcd5c45c7da60df7fdf62bd3e8cfa0b-1080x1080.jpg
image-57e40e5b5da30e69a1b2dd318e5dc29fdef21c65-1204x634-png,2025-08-20T20:38:37Z,2025-08-20T20:38:37Z,Homepage.png,png,image/png,1204,634,1.8990536277602523,855891,true,#f19c1e,#f19c1e,#96814d,2,studentsLandingPage,studentsLandingPage,https://cdn.sanity.io/images/e5fj2khm/production/57e40e5b5da30e69a1b2dd318e5dc29fdef21c65-1204x634.png
image-60a08f3c46378cbf2aaf1a88d4df941586d04d1b-1200x720-png,2025-08-20T22:06:15Z,2025-08-20T22:06:15Z,Skills Gallery 27.png,png,image/png,1200,720,1.6666666666666667,987988,true,#be6c33,#be6c33,#a97d52,1,skill,study-buddy,https://cdn.sanity.io/images/e5fj2khm/production/60a08f3c46378cbf2aaf1a88d4df941586d04d1b-1200x720.png
image-75bed910feeaf7d592c5c0be74feca9984b1906e-2848x1564-png,2025-08-20T22:22:12Z,2025-08-20T22:22:12Z,Screenshot 2025-08-20 at 3.21.55 PM.png,png,image/png,2848,1564,1.8209718670076727,2035946,true,#f7e5cf,#7c6cd4,#8c7674,1,skill,study-buddy,https://cdn.sanity.io/images/e5fj2khm/production/75bed910feeaf7d592c5c0be74feca9984b1906e-2848x1564.png
image-f3a433dcd2d33034d503f2d2e52cc9a689b964df-400x400-png,2025-08-21T00:41:59Z,2025-08-21T00:41:59Z,book.png,png,image/png,400,400,1,2630,true,#040404,#7f7f7f,#4c4c4c,1,studentsLandingPage,studentsLandingPage,https://cdn.sanity.io/images/e5fj2khm/production/f3a433dcd2d33034d503f2d2e52cc9a689b964df-400x400.png
image-558b18172c3272d08df3d6535e462f55b805b8a3-400x400-png,2025-08-21T00:42:33Z,2025-08-21T00:42:33Z,question mark.png,png,image/png,400,400,1,3252,true,#040404,#7f7f7f,#4c4c4c,0,,,https://cdn.sanity.io/images/e5fj2khm/production/558b18172c3272d08df3d6535e462f55b805b8a3-400x400.png
image-cc573f3b92bb34d0275875463b3f1b84c00c6fe8-400x400-png,2025-08-21T00:42:52Z,2025-08-21T00:42:52Z,pencil.png,png,image/png,400,400,1,5543,true,#040404,#7f7f7f,#4c4c4c,0,,,https://cdn.sanity.io/images/e5fj2khm/production/cc573f3b92bb34d0275875463b3f1b84c00c6fe8-400x400.png
image-e0e745f1a80265be5696ae4f6dbc15d8e9e9d74e-400x400-png,2025-08-21T00:43:31Z,2025-08-21T00:43:31Z,search.png,png,image/png,400,400,1,4215,true,#040404,#7f7f7f,#4c4c4c,1,studentsLandingPage,studentsLandingPage,https://cdn.sanity.io/images/e5fj2khm/production/e0e745f1a80265be5696ae4f6dbc15d8e9e9d74e-400x400.png
image-9ee3ac296bc5b805f73d9d48b8e54ba0cd6173cf-400x400-png,2025-08-21T00:44:06Z,2025-08-21T00:44:06Z,shopping bag.png,png,image/png,400,400,1,3313,true,#040404,#7f7f7f,#4c4c4c,1,studentsLandingPage,studentsLandingPage,https://cdn.sanity.io/images/e5fj2khm/production/9ee3ac296bc5b805f73d9d48b8e54ba0cd6173cf-400x400.png
image-7ff2879873fa2e88af6f0b9ef65b3291f5fe8112-400x400-png,2025-08-21T00:44:28Z,2025-08-21T00:44:28Z,checkmark.png,png,image/png,400,400,1,4061,true,#040404,#7f7f7f,#4c4c4c,1,studentsLandingPage,studentsLandingPage,https://cdn.sanity.io/images/e5fj2khm/production/7ff2879873fa2e88af6f0b9ef65b3291f5fe8112-400x400.png
image-fce294f60d09e6ee9abd124da19c1265d3fd9dc6-400x400-png,2025-08-21T00:45:15Z,2025-08-21T00:45:15Z,calendar.png,png,image/png,400,400,1,3514,true,#040404,#7f7f7f,#4c4c4c,0,,,https://cdn.sanity.io/images/e5fj2khm/production/fce294f60d09e6ee9abd124da19c1265d3fd9dc6-400x400.png
image-a1f4272435913c0a7fdb3ca133627fca9eb16a97-400x400-png,2025-08-21T01:16:57Z,2025-08-21T01:16:57Z,coin.png,png,image/png,400,400,1,5233,true,#040404,#7f7f7f,#4c4c4c,1,studentsLandingPage,studentsLandingPage,https://cdn.sanity.io/images/e5fj2khm/production/a1f4272435913c0a7fdb3ca133627fca9eb16a97-400x400.png
image-25e984da59df5ddeb88fdee91fad64dbc2af20b4-295x450-png,2025-08-21T01:23:10Z,2025-08-21T01:23:10Z,Frame 3466030.png,png,image/png,295,450,0.6555555555555556,250619,true,#232a44,#e25e7f,#848176,1,studentsLandingPage,studentsLandingPage,https://cdn.sanity.io/images/e5fj2khm/production/25e984da59df5ddeb88fdee91fad64dbc2af20b4-295x450.png
image-39a5ab983a0630487d1344bde63283d6e85902d2-590x590-png,2025-08-21T11:54:56Z,2025-08-21T11:54:56Z,youaregoingtocrushit.png,png,image/png,590,590,1,651042,true,#f59711,#f59711,#ac547c,1,studentsLandingPage,studentsLandingPage,https://cdn.sanity.io/images/e5fj2khm/production/39a5ab983a0630487d1344bde63283d6e85902d2-590x590.png
image-05d9e58ae504a8e705e7b8b4de8da4922b8d1683-1010x762-png,2025-08-21T11:55:05Z,2025-08-21T11:55:05Z,studentsbooks.png,png,image/png,1010,762,1.3254593175853018,1163924,true,#867b7a,#3a84a0,#867b7a,1,studentsLandingPage,studentsLandingPage,https://cdn.sanity.io/images/e5fj2khm/production/05d9e58ae504a8e705e7b8b4de8da4922b8d1683-1010x762.png
image-a4c583bc9a7ccebb318451dbb326b04f092d6f98-800x600-png,2025-08-21T11:55:15Z,2025-08-21T11:55:15Z,studentsstudying.png,png,image/png,800,600,1.3333333333333333,877638,true,#c08031,#c08031,#997a4e,1,studentsLandingPage,studentsLandingPage,https://cdn.sanity.io/images/e5fj2khm/production/a4c583bc9a7ccebb318451dbb326b04f092d6f98-800x600.png
image-0262b5a0b8eef66461f5204b27220b937b11b2b6-1114x828-png,2025-08-21T12:07:13Z,2025-08-21T12:07:13Z,mention-tabs.png,png,image/png,1114,828,1.3454106280193237,224092,true,#fab104,#fab104,#79914b,1,studentsLandingPage,studentsLandingPage,https://cdn.sanity.io/images/e5fj2khm/production/0262b5a0b8eef66461f5204b27220b937b11b2b6-1114x828.png
image-d4bc983cfed5d3d328dac3e3ebf7c498d9b06628-1008x760-png,2025-08-21T12:07:35Z,2025-08-21T12:07:35Z,command-bar.png,png,image/png,1008,760,1.3263157894736841,113089,true,#0658f7,#0658f7,#6474ac,0,,,https://cdn.sanity.io/images/e5fj2khm/production/d4bc983cfed5d3d328dac3e3ebf7c498d9b06628-1008x760.png
image-135fe9a66249029b883fdf8291ebca6f04575156-1008x760-png,2025-08-21T12:07:49Z,2025-08-21T12:07:49Z,adblock.png,png,image/png,1008,760,1.3263157894736841,122782,true,#408ad7,#408ad7,#677f9f,0,,,https://cdn.sanity.io/images/e5fj2khm/production/135fe9a66249029b883fdf8291ebca6f04575156-1008x760.png
image-18806f693f3ad9c909effa0ba421646f65e19c97-504x380-png,2025-08-21T12:08:26Z,2025-08-21T12:08:26Z,Screenshot 2025-08-20 at 10.32.26 PM 1 (1).png,png,image/png,504,380,1.3263157894736841,116805,true,#f73b1c,#f73b1c,#807c7c,0,,,https://cdn.sanity.io/images/e5fj2khm/production/18806f693f3ad9c909effa0ba421646f65e19c97-504x380.png
image-7e6bb0b8fafbc08722ae2d8dd70539cd3ad750fe-504x380-png,2025-08-21T12:11:28Z,2025-08-21T12:11:28Z,Frame 3466058.png,png,image/png,504,380,1.3263157894736841,2745,true,#fcb404,#fcb404,#976b01,0,,,https://cdn.sanity.io/images/e5fj2khm/production/7e6bb0b8fafbc08722ae2d8dd70539cd3ad750fe-504x380.png
image-fe235643ee98ebb2afbe94e9117a1b16615418d2-504x380-png,2025-08-21T12:11:45Z,2025-08-21T12:11:45Z,Screenshot 2025-08-20 at 10.32.26 PM 1 (1).png,png,image/png,504,380,1.3263157894736841,116855,true,#f73b1c,#f73b1c,#807c7c,1,studentsLandingPage,studentsLandingPage,https://cdn.sanity.io/images/e5fj2khm/production/fe235643ee98ebb2afbe94e9117a1b16615418d2-504x380.png
image-613d29f0a26b407d0e45a4ff9327eb52c755af05-1008x760-png,2025-08-21T13:59:52Z,2025-08-21T13:59:52Z,Frame 3466058.png,png,image/png,1008,760,1.3263157894736841,111924,true,#0556f5,#0556f5,#4f5491,1,studentsLandingPage,studentsLandingPage,https://cdn.sanity.io/images/e5fj2khm/production/613d29f0a26b407d0e45a4ff9327eb52c755af05-1008x760.png
image-853eed352868518ad64df9bba3275595e4a76fc5-1008x760-png,2025-08-21T14:00:09Z,2025-08-21T14:00:09Z,Frame 3466061.png,png,image/png,1008,760,1.3263157894736841,119392,true,#408cd9,#408cd9,#66788e,1,studentsLandingPage,studentsLandingPage,https://cdn.sanity.io/images/e5fj2khm/production/853eed352868518ad64df9bba3275595e4a76fc5-1008x760.png
image-e30ab629ead86f1693e3706cac27593ab6133fa6-1200x720-png,2025-08-22T21:37:44Z,2025-08-22T21:37:44Z,Skills Gallery 41.png,png,image/png,1200,720,1.6666666666666667,1455016,true,#987b7e,#c33549,#987b7e,1,skill,f1countdown-nolan,https://cdn.sanity.io/images/e5fj2khm/production/e30ab629ead86f1693e3706cac27593ab6133fa6-1200x720.png
image-0a86173ac7307756048fad6c88e3e92174c9cf02-1200x720-png,2025-08-22T21:57:29Z,2025-08-22T21:57:29Z,Skills Gallery 42.png,png,image/png,1200,720,1.6666666666666667,1360930,true,#3b3a3f,#bf3f5f,#947e72,0,,,https://cdn.sanity.io/images/e5fj2khm/production/0a86173ac7307756048fad6c88e3e92174c9cf02-1200x720.png
image-f6d8111cf489c7b8e397cae400c4a4d995d398d3-1200x720-png,2025-08-22T22:08:35Z,2025-08-22T22:08:35Z,Skills Gallery 42.png,png,image/png,1200,720,1.6666666666666667,1359736,true,#8e7c6c,#63769b,#8e7c6c,1,skill,copycat-tommy,https://cdn.sanity.io/images/e5fj2khm/production/f6d8111cf489c7b8e397cae400c4a4d995d398d3-1200x720.png
image-4cb3e1847f41ea43fbbc5d2d2a0cf6ccac979720-1200x720-png,2025-08-22T22:09:12Z,2025-08-22T22:09:12Z,Skills Gallery 43 (1).png,png,image/png,1200,720,1.6666666666666667,1369127,true,#3e3a35,#b55249,#a47564,1,skill,translate-koushik,https://cdn.sanity.io/images/e5fj2khm/production/4cb3e1847f41ea43fbbc5d2d2a0cf6ccac979720-1200x720.png
image-9d1c5270855c9c7c4efa39d130655a454bef7bdb-1200x720-png,2025-08-22T22:13:47Z,2025-08-22T22:13:47Z,Skills Gallery 44.png,png,image/png,1200,720,1.6666666666666667,1485089,true,#cfbcb3,#3c6482,#557190,1,skill,microcopy-christopher,https://cdn.sanity.io/images/e5fj2khm/production/9d1c5270855c9c7c4efa39d130655a454bef7bdb-1200x720.png
image-d4e057b15d0684e7c88b1b5993d5a8ae61a56374-1200x720-png,2025-08-22T22:21:24Z,2025-08-22T22:21:24Z,Skills Gallery 45.png,png,image/png,1200,720,1.6666666666666667,1029791,true,#b5b5b5,#da6d24,#7b8282,1,skill,designcritique-joey,https://cdn.sanity.io/images/e5fj2khm/production/d4e057b15d0684e7c88b1b5993d5a8ae61a56374-1200x720.png
image-61ad8e3d573bcd2b6c64706adcc6e7b28af24cab-1200x720-png,2025-08-22T22:24:02Z,2025-08-22T22:24:02Z,Skills Gallery 46 (1).png,png,image/png,1200,720,1.6666666666666667,1284878,true,#513c2e,#e4891a,#95846c,1,skill,jtbd-daniel,https://cdn.sanity.io/images/e5fj2khm/production/61ad8e3d573bcd2b6c64706adcc6e7b28af24cab-1200x720.png
image-b94a6c2009a94a5c071520103ea45ac04823b8f9-1200x720-png,2025-08-22T22:33:54Z,2025-08-22T22:33:54Z,Skills Gallery 47.png,png,image/png,1200,720,1.6666666666666667,1369206,true,#523a2c,#0f64ef,#8a7466,1,skill,backmeup-yahav,https://cdn.sanity.io/images/e5fj2khm/production/b94a6c2009a94a5c071520103ea45ac04823b8f9-1200x720.png
image-b97eb03a96c1a60bb466866b792328f734127669-1200x720-png,2025-08-22T22:38:36Z,2025-08-22T22:38:36Z,Skills Gallery 48.png,png,image/png,1200,720,1.6666666666666667,1418949,true,#c2bbb7,#986648,#64844b,1,skill,golf-coach-emil,https://cdn.sanity.io/images/e5fj2khm/production/b97eb03a96c1a60bb466866b792328f734127669-1200x720.png
image-318d314c51e86d1291962c17d84d83497ecb8fa0-1200x720-png,2025-08-22T22:50:03Z,2025-08-22T22:50:03Z,Skills Gallery 49.png,png,image/png,1200,720,1.6666666666666667,1724480,true,#9a8667,#cf8924,#9a8667,1,skill,food-health,https://cdn.sanity.io/images/e5fj2khm/production/318d314c51e86d1291962c17d84d83497ecb8fa0-1200x720.png
image-5c1fd518cf2fe8c9436f047888f127a6d6009e61-1200x720-png,2025-08-23T20:30:57Z,2025-08-23T20:30:57Z,Skills Gallery.png,png,image/png,1200,720,1.6666666666666667,1583491,true,#cb6c55,#cb6c55,#a9614e,1,skill,mentioned-piyush,https://cdn.sanity.io/images/e5fj2khm/production/5c1fd518cf2fe8c9436f047888f127a6d6009e61-1200x720.png
image-e1f55724e554a4196c04f1f13331576832e3d906-1200x720-png,2025-08-23T20:39:24Z,2025-08-23T20:39:24Z,Skills Gallery 51.png,png,image/png,1200,720,1.6666666666666667,1743893,true,#5b9b6e,#4cac6f,#5b9b6e,1,skill,will-i-regret-patrick,https://cdn.sanity.io/images/e5fj2khm/production/e1f55724e554a4196c04f1f13331576832e3d906-1200x720.png
image-377c95cd91c6470e642b8f21c4c5969e967ebc9a-1200x720-png,2025-08-23T20:50:53Z,2025-08-23T20:50:53Z,Skills Gallery 52.png,png,image/png,1200,720,1.6666666666666667,1634016,true,#bcc4c1,#778781,#957064,1,skill,inspiration-caneraras,https://cdn.sanity.io/images/e5fj2khm/production/377c95cd91c6470e642b8f21c4c5969e967ebc9a-1200x720.png
image-0964c7b3fd1d23e95f800b77f5b0b82759ea9482-1208x728-png,2025-08-23T21:12:55Z,2025-08-23T21:12:55Z,Skills Gallery 53.png,png,image/png,1208,728,1.6593406593406594,1650449,true,#9f7150,#bd8f51,#9f7150,1,skill,sampled-songs-webguy,https://cdn.sanity.io/images/e5fj2khm/production/0964c7b3fd1d23e95f800b77f5b0b82759ea9482-1208x728.png
image-d10513692f338ad35e1ddc95d0f2f4a5b44346b2-1208x728-png,2025-08-23T21:16:48Z,2025-08-23T21:16:48Z,Skills Gallery 54.png,png,image/png,1208,728,1.6593406593406594,1630742,true,#c2703f,#c2703f,#4a96ab,1,skill,workout-an,https://cdn.sanity.io/images/e5fj2khm/production/d10513692f338ad35e1ddc95d0f2f4a5b44346b2-1208x728.png
image-5a9e7e20002060637cbcd1d46c19aa293efd2256-1208x728-png,2025-08-23T21:22:54Z,2025-08-23T21:22:54Z,Skills Gallery (1).png,png,image/png,1208,728,1.6593406593406594,1539108,true,#3c5160,#6a8394,#6c7c8c,0,,,https://cdn.sanity.io/images/e5fj2khm/production/5a9e7e20002060637cbcd1d46c19aa293efd2256-1208x728.png
image-e3a7ff01bdb256b3bc394d9ddb4dd8686f447be3-1208x728-png,2025-08-23T21:27:06Z,2025-08-23T21:27:06Z,Skills Gallery 56.png,png,image/png,1208,728,1.6593406593406594,1572622,true,#3c516a,#46accc,#4f6e8d,1,skill,github-release-notes-kyle,https://cdn.sanity.io/images/e5fj2khm/production/e3a7ff01bdb256b3bc394d9ddb4dd8686f447be3-1208x728.png
image-190e1735c6cdd69e9c37ef73aedd538d8eed1172-1208x728-png,2025-08-23T21:34:08Z,2025-08-23T21:34:08Z,Skills Gallery 57.png,png,image/png,1208,728,1.6593406593406594,1757839,true,#7dc1a9,#9c2021,#7e4d48,1,skill,pylib-check-anthonywu,https://cdn.sanity.io/images/e5fj2khm/production/190e1735c6cdd69e9c37ef73aedd538d8eed1172-1208x728.png
image-c7f1a1fa6eb4f83be0fbc16f4e1b76e034c05d99-1208x728-png,2025-08-23T21:38:55Z,2025-08-23T21:38:55Z,Skills Gallery 58.png,png,image/png,1208,728,1.6593406593406594,1163825,true,#c2bab2,#ae8c50,#93897c,1,skill,phil-bennyb,https://cdn.sanity.io/images/e5fj2khm/production/c7f1a1fa6eb4f83be0fbc16f4e1b76e034c05d99-1208x728.png
image-be0bc6dfef312e4aa8a71a0cc18540b81f441823-1208x728-png,2025-08-23T21:42:05Z,2025-08-23T21:42:05Z,Skills Gallery 59.png,png,image/png,1208,728,1.6593406593406594,1414639,true,#333b4c,#3b91c3,#78788c,1,skill,every-edit-danshipper,https://cdn.sanity.io/images/e5fj2khm/production/be0bc6dfef312e4aa8a71a0cc18540b81f441823-1208x728.png
image-68e56aa1969331afe2a4fb102858f1740ebdfc98-1208x728-png,2025-08-23T21:45:26Z,2025-08-23T21:45:26Z,Skills Gallery (2).png,png,image/png,1208,728,1.6593406593406594,1280793,true,#a4acb4,#4db18b,#688b88,1,skill,should-i-work-here-shazncaz,https://cdn.sanity.io/images/e5fj2khm/production/68e56aa1969331afe2a4fb102858f1740ebdfc98-1208x728.png
image-ce6974d09c117510143768360f3c53822965f3a5-1208x728-png,2025-08-23T23:50:48Z,2025-08-23T23:50:48Z,Skills Gallery 61.png,png,image/png,1208,728,1.6593406593406594,1421844,true,#354f4d,#50a7ae,#ac7454,1,skill,deepdive-noah,https://cdn.sanity.io/images/e5fj2khm/production/ce6974d09c117510143768360f3c53822965f3a5-1208x728.png
image-1aeb144c24315ea4748d5272f34e62f42755411c-1208x728-png,2025-08-23T23:53:33Z,2025-08-23T23:53:33Z,Skills Gallery 62.png,png,image/png,1208,728,1.6593406593406594,694258,true,#bcbcbc,#7f7f7f,#848484,1,skill,stoic-oliver,https://cdn.sanity.io/images/e5fj2khm/production/1aeb144c24315ea4748d5272f34e62f42755411c-1208x728.png
image-7e6375e02a3a4526f2dddf2f9ba54f67c9c79772-1208x728-png,2025-08-24T00:01:54Z,2025-08-24T00:01:54Z,Skills Gallery 63.png,png,image/png,1208,728,1.6593406593406594,1374973,true,#503733,#aa2638,#a96050,1,skill,cinema-pierre,https://cdn.sanity.io/images/e5fj2khm/production/7e6375e02a3a4526f2dddf2f9ba54f67c9c79772-1208x728.png
image-5b83036e2aafb1475047b85b342fe5cfe00e7d9c-1208x728-png,2025-08-24T00:06:07Z,2025-08-24T00:06:07Z,Skills Gallery (3).png,png,image/png,1208,728,1.6593406593406594,1191564,true,#c9c9ca,#7e7e80,#848482,1,skill,ad-writer-jake,https://cdn.sanity.io/images/e5fj2khm/production/5b83036e2aafb1475047b85b342fe5cfe00e7d9c-1208x728.png
image-63a01d50252c6e57ea594b55566b4d7061386663-1208x728-png,2025-08-25T18:58:01Z,2025-08-25T18:58:01Z,Skills Gallery 65.png,png,image/png,1208,728,1.6593406593406594,1255178,true,#bdc5c8,#735c35,#ac9760,1,skill,negotiator-noah,https://cdn.sanity.io/images/e5fj2khm/production/63a01d50252c6e57ea594b55566b4d7061386663-1208x728.png
image-f463644c750df33b072960bb9dee7b033da216a2-1208x728-png,2025-08-25T19:16:27Z,2025-08-25T19:16:27Z,Skills Gallery (5).png,png,image/png,1208,728,1.6593406593406594,1161797,true,#868788,#3c78c3,#868788,0,,,https://cdn.sanity.io/images/e5fj2khm/production/f463644c750df33b072960bb9dee7b033da216a2-1208x728.png
image-0ea7798b3d41c4343fff4cba8d6db7870fda34cf-1208x728-png,2025-08-25T19:30:05Z,2025-08-25T19:30:05Z,Skills Gallery (6).png,png,image/png,1208,728,1.6593406593406594,1213272,true,#73757a,#3c78c3,#73757a,1,skill,seo-desc-srikat,https://cdn.sanity.io/images/e5fj2khm/production/0ea7798b3d41c4343fff4cba8d6db7870fda34cf-1208x728.png
image-18c50252432dfd5cfa5411afbfb268e402e60d02-1208x728-png,2025-08-25T19:44:49Z,2025-08-25T19:44:49Z,Skills Gallery 67.png,png,image/png,1208,728,1.6593406593406594,1354647,true,#56362b,#c44a37,#b17f60,1,skill,mermaiddiagram-kainoa,https://cdn.sanity.io/images/e5fj2khm/production/18c50252432dfd5cfa5411afbfb268e402e60d02-1208x728.png
image-4bafa908676e4ec1041ec2a3788b14c9525646ca-1208x728-png,2025-08-25T19:53:16Z,2025-08-25T19:53:16Z,Skills Gallery 68.png,png,image/png,1208,728,1.6593406593406594,1556824,true,#1379b3,#1379b3,#4f74a5,1,skill,verify-aleksey,https://cdn.sanity.io/images/e5fj2khm/production/4bafa908676e4ec1041ec2a3788b14c9525646ca-1208x728.png
image-bc68e5f00e64848e7cb1904b70917f545ac1640d-1208x728-png,2025-08-25T20:14:29Z,2025-08-25T20:14:29Z,Skills Gallery (7).png,png,image/png,1208,728,1.6593406593406594,1345510,true,#503d2f,#b57534,#8c613e,1,skill,morning-heycoleb,https://cdn.sanity.io/images/e5fj2khm/production/bc68e5f00e64848e7cb1904b70917f545ac1640d-1208x728.png
image-3147501964faf5d3a4480db7b2e5843c6656f44c-1208x728-png,2025-08-25T20:16:34Z,2025-08-25T20:16:34Z,Skills Gallery 70.png,png,image/png,1208,728,1.6593406593406594,1553578,true,#bb8c40,#bb8c40,#c8aa85,1,skill,smoothies-septian,https://cdn.sanity.io/images/e5fj2khm/production/3147501964faf5d3a4480db7b2e5843c6656f44c-1208x728.png
image-4a8079fad9c4696901bf7f9c8db3ba1425ba2480-1208x728-png,2025-08-25T20:19:27Z,2025-08-25T20:19:27Z,Skills Gallery 71.png,png,image/png,1208,728,1.6593406593406594,1360948,true,#ab9381,#c3773b,#ab9381,1,skill,stock-ehcoco,https://cdn.sanity.io/images/e5fj2khm/production/4a8079fad9c4696901bf7f9c8db3ba1425ba2480-1208x728.png
image-a75789d85ffe9b2ef3a54115564729e9f0b601a5-1208x728-png,2025-08-25T20:50:01Z,2025-08-25T20:50:01Z,Skills Gallery (8).png,png,image/png,1208,728,1.6593406593406594,1208876,true,#878c87,#bfbf3f,#878c87,1,skill,cost-danger,https://cdn.sanity.io/images/e5fj2khm/production/a75789d85ffe9b2ef3a54115564729e9f0b601a5-1208x728.png
image-746742b11bfbb20565501d668cada8f49f54ede7-1208x728-png,2025-08-25T20:55:31Z,2025-08-25T20:55:31Z,Skills Gallery 73.png,png,image/png,1208,728,1.6593406593406594,1441871,true,#d4bcb4,#cc5b2b,#b6a864,1,skill,no-pierre,https://cdn.sanity.io/images/e5fj2khm/production/746742b11bfbb20565501d668cada8f49f54ede7-1208x728.png
image-7ff29317fcc62ca4fcf6765bb2322a71e87fce98-1208x728-png,2025-08-25T20:57:39Z,2025-08-25T20:57:39Z,Skills Gallery 74.png,png,image/png,1208,728,1.6593406593406594,1297633,true,#c6c5a0,#9f9d5f,#929065,1,skill,good-words-aaron,https://cdn.sanity.io/images/e5fj2khm/production/7ff29317fcc62ca4fcf6765bb2322a71e87fce98-1208x728.png
image-7e43bd51dd1f3a88dfa221892ec650f4f101e8fa-1208x728-png,2025-08-25T21:00:15Z,2025-08-25T21:00:15Z,Skills Gallery 75.png,png,image/png,1208,728,1.6593406593406594,1246282,true,#948480,#92836c,#948480,1,skill,jobsummary-braden,https://cdn.sanity.io/images/e5fj2khm/production/7e43bd51dd1f3a88dfa221892ec650f4f101e8fa-1208x728.png
image-2991bd12642fd51f9fdd3d9176d83fc04697f3e5-1208x728-png,2025-08-25T21:02:01Z,2025-08-25T21:02:01Z,Skills Gallery 76.png,png,image/png,1208,728,1.6593406593406594,1254863,true,#91826d,#d2852c,#91826d,1,skill,horoscope-hannah,https://cdn.sanity.io/images/e5fj2khm/production/2991bd12642fd51f9fdd3d9176d83fc04697f3e5-1208x728.png
image-6da4ce320a9da18ecc626f949dbca99885261d9c-1208x728-png,2025-08-25T21:07:45Z,2025-08-25T21:07:45Z,Skills Gallery (9).png,png,image/png,1208,728,1.6593406593406594,1452328,true,#eaa799,#c47f72,#a4635c,1,skill,comrade-leon,https://cdn.sanity.io/images/e5fj2khm/production/6da4ce320a9da18ecc626f949dbca99885261d9c-1208x728.png
image-d0ba988f9f2b07f70f3a2c21b6a340ed4b85a001-1208x728-png,2025-08-25T21:10:33Z,2025-08-25T21:10:33Z,Skills Gallery 78.png,png,image/png,1208,728,1.6593406593406594,1344550,true,#ab6842,#ab6842,#ac7054,1,skill,bestword-joshm,https://cdn.sanity.io/images/e5fj2khm/production/d0ba988f9f2b07f70f3a2c21b6a340ed4b85a001-1208x728.png
image-ce508812c289d978ec6ed0ca5ddd5009ba22c7d7-1208x728-png,2025-08-25T21:14:25Z,2025-08-25T21:14:25Z,Skills Gallery 79.png,png,image/png,1208,728,1.6593406593406594,1431207,true,#b1242f,#b1242f,#ad5a56,1,skill,markets-quantstore,https://cdn.sanity.io/images/e5fj2khm/production/ce508812c289d978ec6ed0ca5ddd5009ba22c7d7-1208x728.png
image-abe4b1f0cfeec111368378ebbe5b1d4cf3a93240-1208x728-png,2025-08-25T21:21:05Z,2025-08-25T21:21:05Z,Skills Gallery (10).png,png,image/png,1208,728,1.6593406593406594,1284264,true,#04080a,#4891b6,#6ca191,1,skill,2fa-gem,https://cdn.sanity.io/images/e5fj2khm/production/abe4b1f0cfeec111368378ebbe5b1d4cf3a93240-1208x728.png
image-0fe4cb0fcad9110f51ee7fcab2e865acf51a37ed-1208x728-png,2025-08-25T21:25:55Z,2025-08-25T21:25:55Z,Skills Gallery 81.png,png,image/png,1208,728,1.6593406593406594,1388931,true,#d8c6c5,#ae7449,#b47f61,1,skill,creator-collab-sj,https://cdn.sanity.io/images/e5fj2khm/production/0fe4cb0fcad9110f51ee7fcab2e865acf51a37ed-1208x728.png
image-5a83d9938115236b17aa59e8da2288b49832cae5-1208x728-png,2025-08-25T21:32:16Z,2025-08-25T21:32:16Z,Skills Gallery 82 (1).png,png,image/png,1208,728,1.6593406593406594,1341198,true,#b8948f,#278485,#947062,1,skill,samplecolors-danger,https://cdn.sanity.io/images/e5fj2khm/production/5a83d9938115236b17aa59e8da2288b49832cae5-1208x728.png
image-eea9a8a514788ca5d8a7f65d54be718f90cc00ab-1208x728-png,2025-08-25T21:35:37Z,2025-08-25T21:35:37Z,Skills Gallery 83.png,png,image/png,1208,728,1.6593406593406594,1407859,true,#b4b3bc,#797787,#ac8c76,1,skill,axios-brian,https://cdn.sanity.io/images/e5fj2khm/production/eea9a8a514788ca5d8a7f65d54be718f90cc00ab-1208x728.png
image-88e39edb19dd2e4dc339eb1c706412509ca88890-1208x728-png,2025-08-25T21:38:41Z,2025-08-25T21:38:41Z,Skills Gallery (11).png,png,image/png,1208,728,1.6593406593406594,1166827,true,#424842,#8c8372,#7c7f7d,1,skill,thisbutfree-bonik,https://cdn.sanity.io/images/e5fj2khm/production/88e39edb19dd2e4dc339eb1c706412509ca88890-1208x728.png
image-73c60736b3255a4405cf0e8b08e7b75cf7a560d3-1208x728-png,2025-08-25T21:45:01Z,2025-08-25T21:45:01Z,Skills Gallery (12).png,png,image/png,1208,728,1.6593406593406594,1365955,true,#aa7f67,#9c643c,#aa7f67,1,skill,tweet-an,https://cdn.sanity.io/images/e5fj2khm/production/73c60736b3255a4405cf0e8b08e7b75cf7a560d3-1208x728.png
image-69fa9c8d316e81fbf33d7116ce6d41803265ba48-1208x728-png,2025-08-25T21:47:22Z,2025-08-25T21:47:22Z,Skills Gallery (13).png,png,image/png,1208,728,1.6593406593406594,1301494,true,#2c3c25,#76ad51,#737770,1,skill,calcio-ruben,https://cdn.sanity.io/images/e5fj2khm/production/69fa9c8d316e81fbf33d7116ce6d41803265ba48-1208x728.png
image-836bde86f3206cb0409bbc96d0d44835f9ba4c55-1208x728-png,2025-08-25T21:50:11Z,2025-08-25T21:50:11Z,Skills Gallery 87.png,png,image/png,1208,728,1.6593406593406594,1309860,true,#b7a9a6,#4a8ab4,#887c7a,1,skill,references-danger,https://cdn.sanity.io/images/e5fj2khm/production/836bde86f3206cb0409bbc96d0d44835f9ba4c55-1208x728.png
image-5d6ef7cc5b502e6023e46b0343be1ceca5e8cf6a-1208x728-png,2025-08-25T21:54:23Z,2025-08-25T21:54:23Z,Skills Gallery 88.png,png,image/png,1208,728,1.6593406593406594,1416671,true,#7c7a7a,#926c6c,#7c7a7a,1,skill,grammar-rafi,https://cdn.sanity.io/images/e5fj2khm/production/5d6ef7cc5b502e6023e46b0343be1ceca5e8cf6a-1208x728.png
image-3a68baaa34db03996f5c7ce3096d7807708f9686-1208x728-png,2025-08-25T21:56:59Z,2025-08-25T21:56:59Z,Skills Gallery 89.png,png,image/png,1208,728,1.6593406593406594,1796374,true,#ecdc2c,#ecdc2c,#ac6464,1,skill,rot-sotiris,https://cdn.sanity.io/images/e5fj2khm/production/3a68baaa34db03996f5c7ce3096d7807708f9686-1208x728.png
image-5a2de514950ae9992dd5bae9210967726d49db35-1208x728-png,2025-08-25T21:58:23Z,2025-08-25T21:58:23Z,Skills Gallery (14).png,png,image/png,1208,728,1.6593406593406594,1796843,true,#a75945,#a75945,#a17f6e,1,skill,roast-devin,https://cdn.sanity.io/images/e5fj2khm/production/5a2de514950ae9992dd5bae9210967726d49db35-1208x728.png
image-f8a962f2e3303f87158e7210d5b1f0fd3727af71-1196x798-png,2025-08-27T19:20:37Z,2025-08-27T19:20:37Z,image 4.png,png,image/png,1196,798,1.4987468671679198,342360,true,#f1d982,#c4ac54,#a3835a,0,,,https://cdn.sanity.io/images/e5fj2khm/production/f8a962f2e3303f87158e7210d5b1f0fd3727af71-1196x798.png
image-8b3d7ffaa53ef36362a67830e97377fec18eb089-2860x1572-png,2025-08-27T20:24:59Z,2025-08-27T20:24:59Z,Screenshot 2025-08-27 at 1.11.10 PM.png,png,image/png,2860,1572,1.8193384223918576,2077971,true,#cb9ca0,#e81691,#6c9878,1,skill,how-to-web,https://cdn.sanity.io/images/e5fj2khm/production/8b3d7ffaa53ef36362a67830e97377fec18eb089-2860x1572.png
image-96fd54284261343b7bee5240531446f7850b9a4e-1208x728-png,2025-08-27T20:26:07Z,2025-08-27T20:26:07Z,Skills Gallery 91.png,png,image/png,1208,728,1.6593406593406594,1697184,true,#65332c,#d16d62,#ac715c,1,skill,how-to-web,https://cdn.sanity.io/images/e5fj2khm/production/96fd54284261343b7bee5240531446f7850b9a4e-1208x728.png
image-cee887bab7c0ac357c2bf3276aa04800204d4047-400x400-jpg,2025-08-27T20:54:42Z,2025-08-27T20:54:42Z,Faco Profile Picture.jpg,jpg,image/jpeg,400,400,1,28766,false,#652317,#c1733f,#925b44,1,skillAuthor,@FaCo9,https://cdn.sanity.io/images/e5fj2khm/production/cee887bab7c0ac357c2bf3276aa04800204d4047-400x400.jpg
image-2dbae1daef84818c3b998161d8ec11c54f5025ce-1208x728-png,2025-08-27T20:55:05Z,2025-08-27T20:55:05Z,Skills Gallery 92.png,png,image/png,1208,728,1.6593406593406594,1473613,true,#c7bfb3,#b65048,#a07054,1,skill,nfl-fantasy-player-analyzer,https://cdn.sanity.io/images/e5fj2khm/production/2dbae1daef84818c3b998161d8ec11c54f5025ce-1208x728.png
image-5208cff277be71c0c670d33fff1fa20aad6beb1b-2864x1562-png,2025-08-27T20:55:15Z,2025-08-27T20:55:15Z,Screenshot 2025-08-27 at 1.42.41 PM.png,png,image/png,2864,1562,1.8335467349551857,1978453,true,#d4a0ab,#baa064,#94927e,1,skill,nfl-fantasy-player-analyzer,https://cdn.sanity.io/images/e5fj2khm/production/5208cff277be71c0c670d33fff1fa20aad6beb1b-2864x1562.png
image-df100c587832984d6107bf5d72887b3645e21ab0-2862x1572-png,2025-08-27T21:03:10Z,2025-08-27T21:03:10Z,Screenshot 2025-08-27 at 2.02.32 PM.png,png,image/png,2862,1572,1.8206106870229009,1524194,true,#ecc7a7,#e3da7b,#afafa8,1,skill,fill-in-the-gap,https://cdn.sanity.io/images/e5fj2khm/production/df100c587832984d6107bf5d72887b3645e21ab0-2862x1572.png
image-18179fd4389f8a1850c0801af13c8f9c27d9254a-400x400-jpg,2025-08-27T21:04:41Z,2025-08-27T21:04:41Z,Mert Can Demir Profile.jpg,jpg,image/jpeg,400,400,1,21122,false,#ba896d,#9f732a,#ba896d,1,skillAuthor,@validatedev,https://cdn.sanity.io/images/e5fj2khm/production/18179fd4389f8a1850c0801af13c8f9c27d9254a-400x400.jpg
image-2d26fbb6f796f5214a6b1c2f54fc819af2e89b38-1208x728-png,2025-08-27T21:07:32Z,2025-08-27T21:07:32Z,Skills Gallery 93.png,png,image/png,1208,728,1.6593406593406594,1580107,true,#b0c7c3,#996441,#a07654,1,skill,fill-in-the-gap,https://cdn.sanity.io/images/e5fj2khm/production/2d26fbb6f796f5214a6b1c2f54fc819af2e89b38-1208x728.png
image-7d7e5dd677f32612a1ac0e286b8ee2c53058e8e4-2850x1570-png,2025-08-27T21:40:52Z,2025-08-27T21:40:52Z,Screenshot 2025-08-27 at 2.38.39 PM.png,png,image/png,2850,1570,1.8152866242038217,1880006,true,#f0a6b9,#dc8878,#66b17e,1,skill,millenial-me,https://cdn.sanity.io/images/e5fj2khm/production/7d7e5dd677f32612a1ac0e286b8ee2c53058e8e4-2850x1570.png
image-2cd8e5f923d932e24d562a90131a5c694527d8b6-2854x1572-png,2025-08-27T21:41:05Z,2025-08-27T21:41:05Z,Screenshot 2025-08-27 at 2.39.33 PM.png,png,image/png,2854,1572,1.8155216284987277,3042623,true,#bd8740,#bd8740,#5e9ab0,1,skill,millenial-me,https://cdn.sanity.io/images/e5fj2khm/production/2cd8e5f923d932e24d562a90131a5c694527d8b6-2854x1572.png
image-ce554c77d961d5bbdf80230891dce6dfe81da87a-1208x728-png,2025-08-27T21:47:34Z,2025-08-27T21:47:34Z,Skills Gallery 94.png,png,image/png,1208,728,1.6593406593406594,1379019,true,#ecb6ab,#bc4c54,#9a675f,1,skill,millenial-me,https://cdn.sanity.io/images/e5fj2khm/production/ce554c77d961d5bbdf80230891dce6dfe81da87a-1208x728.png
image-5492d01e9c6f61fcaed4ff718f0302f37a0c4974-2850x1568-png,2025-08-28T17:48:33Z,2025-08-28T17:48:33Z,Screenshot 2025-08-28 at 10.46.04 AM.png,png,image/png,2850,1568,1.8176020408163265,1483414,true,#969696,#e31ba7,#969696,1,skill,reflect,https://cdn.sanity.io/images/e5fj2khm/production/5492d01e9c6f61fcaed4ff718f0302f37a0c4974-2850x1568.png
image-a9f40b54d468d5781e6d5f40de57494b4b6db2af-2840x1558-png,2025-08-28T17:48:46Z,2025-08-28T17:48:46Z,Screenshot 2025-08-28 at 10.47.59 AM.png,png,image/png,2840,1558,1.822849807445443,2808969,true,#ecb2b7,#349cb6,#a27b56,1,skill,reflect,https://cdn.sanity.io/images/e5fj2khm/production/a9f40b54d468d5781e6d5f40de57494b4b6db2af-2840x1558.png
image-2c81f2a24a6a434d1ca00599fb2b63cdc8212c71-1200x875-png,2025-08-28T18:00:25Z,2025-08-28T18:00:25Z,history.png,png,image/png,1200,875,1.3714285714285714,945464,true,#b0c3db,#23c09f,#5981a7,1,changelog,0-44-0,https://cdn.sanity.io/images/e5fj2khm/production/2c81f2a24a6a434d1ca00599fb2b63cdc8212c71-1200x875.png
image-c4a75bb1390f619486f5927e5029b102a4e8c457-1200x767-png,2025-08-28T18:01:14Z,2025-08-28T18:01:14Z,write-and-code.png,png,image/png,1200,767,1.5645371577574967,539101,true,#f2a3a2,#eabd72,#5c7c90,1,changelog,0-44-0,https://cdn.sanity.io/images/e5fj2khm/production/c4a75bb1390f619486f5927e5029b102a4e8c457-1200x767.png
image-43660de1b8bc6906a65b48bdeccd6126f77d9400-2499x2160-png,2025-08-28T18:03:30Z,2025-08-28T18:03:30Z,memory-improvement.png,png,image/png,2499,2160,1.1569444444444446,1267983,false,#89a8c8,#709abe,#648dae,1,changelog,0-44-0,https://cdn.sanity.io/images/e5fj2khm/production/43660de1b8bc6906a65b48bdeccd6126f77d9400-2499x2160.png
image-999d46166fc49fe8b4089898ebe4df8974dde066-1200x679-png,2025-08-28T18:04:34Z,2025-08-28T18:04:34Z,forget-memory.png,png,image/png,1200,679,1.7673048600883652,473445,true,#fac4e4,#608ac0,#92808f,1,changelog,0-44-0,https://cdn.sanity.io/images/e5fj2khm/production/999d46166fc49fe8b4089898ebe4df8974dde066-1200x679.png
image-8aac4d89ed3d502949734f3f4665ce479e734f69-1208x728-png,2025-08-28T20:47:05Z,2025-08-28T20:47:05Z,Skills Gallery (16).png,png,image/png,1208,728,1.6593406593406594,1269988,true,#985739,#985739,#a46d58,0,,,https://cdn.sanity.io/images/e5fj2khm/production/8aac4d89ed3d502949734f3f4665ce479e734f69-1208x728.png
image-8cccb37edba6b5c578b2447c022e704124c02a25-1208x728-png,2025-08-28T20:49:59Z,2025-08-28T20:49:59Z,Skills Gallery (17).png,png,image/png,1208,728,1.6593406593406594,1657759,true,#bd9b8e,#b05a3d,#8c7c77,0,,,https://cdn.sanity.io/images/e5fj2khm/production/8cccb37edba6b5c578b2447c022e704124c02a25-1208x728.png
image-490294ff15e011336d6e8de30047040ea59c8cd2-1208x728-png,2025-08-28T20:52:42Z,2025-08-28T20:52:42Z,Skills Gallery (18).png,png,image/png,1208,728,1.6593406593406594,1369498,true,#bbad95,#b36b4b,#9c6c5c,1,skill,prreviewsummary-ishaan,https://cdn.sanity.io/images/e5fj2khm/production/490294ff15e011336d6e8de30047040ea59c8cd2-1208x728.png
image-213283e7d5c42760f9a5ed9288ff0be26b3d36c0-1208x728-png,2025-08-28T21:04:07Z,2025-08-28T21:04:07Z,Skills Gallery (21).png,png,image/png,1208,728,1.6593406593406594,1479270,true,#473f3b,#d83f26,#8c7661,1,skill,hncomments-loris,https://cdn.sanity.io/images/e5fj2khm/production/213283e7d5c42760f9a5ed9288ff0be26b3d36c0-1208x728.png
image-4a82b006b665ce88ba52e4aef01c9d058167ba33-2844x1558-png,2025-08-28T21:06:27Z,2025-08-28T21:06:27Z,Screenshot 2025-08-28 at 2.06.01 PM.png,png,image/png,2844,1558,1.8254172015404364,2243629,true,#9b6f5f,#b97845,#9b6f5f,1,skill,horoscope-hannah,https://cdn.sanity.io/images/e5fj2khm/production/4a82b006b665ce88ba52e4aef01c9d058167ba33-2844x1558.png
image-464d8c060fe95d3805e289ea3ba7db0e726a5b48-2854x1572-png,2025-08-28T21:10:29Z,2025-08-28T21:10:29Z,Screenshot 2025-08-28 at 2.09.59 PM.png,png,image/png,2854,1572,1.8155216284987277,2023314,true,#dab5bd,#0b43f9,#6ca484,1,skill,roast-devin,https://cdn.sanity.io/images/e5fj2khm/production/464d8c060fe95d3805e289ea3ba7db0e726a5b48-2854x1572.png
image-decf51e2c40ae64103345ea8af8ba043051caec9-2858x1520-png,2025-08-28T21:12:58Z,2025-08-28T21:12:58Z,Screenshot 2025-08-28 at 2.12.40 PM.png,png,image/png,2858,1520,1.8802631578947369,3178887,true,#dab4bf,#0e5cbe,#988360,1,skill,rot-sotiris,https://cdn.sanity.io/images/e5fj2khm/production/decf51e2c40ae64103345ea8af8ba043051caec9-2858x1520.png
image-a87eb712ddfa319fcdc8a79ac6322761dd48b352-1208x728-png,2025-08-29T18:15:49Z,2025-08-29T18:15:49Z,Skills Gallery (22).png,png,image/png,1208,728,1.6593406593406594,1597791,true,#4c402a,#dd8621,#816e53,1,skill,watch-tonight,https://cdn.sanity.io/images/e5fj2khm/production/a87eb712ddfa319fcdc8a79ac6322761dd48b352-1208x728.png
image-0433026ca039d1825abb9be94e37a827a7c422f2-800x800-jpg,2025-08-29T18:16:34Z,2025-08-29T18:16:34Z,Félix Mündler LinkedIn.jpeg,jpg,image/jpeg,800,800,1,138214,false,#ddb598,#eacb68,#5d77a4,1,skillAuthor,Félix Mündler,https://cdn.sanity.io/images/e5fj2khm/production/0433026ca039d1825abb9be94e37a827a7c422f2-800x800.jpg
image-e76c3a3063581a3b9cae469bb8e9022d63acb34f-1208x728-png,2025-08-29T18:26:40Z,2025-08-29T18:26:40Z,Skills Gallery (23).png,png,image/png,1208,728,1.6593406593406594,1517125,true,#344452,#4ba8b4,#707484,0,,,https://cdn.sanity.io/images/e5fj2khm/production/e76c3a3063581a3b9cae469bb8e9022d63acb34f-1208x728.png
image-319249352e907af0011d921ffd116ac27218741f-1208x728-png,2025-08-29T18:32:58Z,2025-08-29T18:32:58Z,Skills Gallery (24).png,png,image/png,1208,728,1.6593406593406594,1660756,true,#523f28,#b4823c,#997b4e,0,,,https://cdn.sanity.io/images/e5fj2khm/production/319249352e907af0011d921ffd116ac27218741f-1208x728.png
image-4db036aec6115933535f159243411cd3d9567290-1208x728-png,2025-08-29T18:39:35Z,2025-08-29T18:39:35Z,Skills Gallery 101.png,png,image/png,1208,728,1.6593406593406594,1834751,true,#c0c0c3,#418f63,#5f9c79,1,skill,transcript,https://cdn.sanity.io/images/e5fj2khm/production/4db036aec6115933535f159243411cd3d9567290-1208x728.png
image-9440c7ff0bd4c4c49083c907cd073c5adf3e3490-400x400-jpg,2025-08-29T18:42:01Z,2025-08-29T18:42:01Z,Maeesha Profile Picture.jpg,jpg,image/jpeg,400,400,1,24679,false,#ebcfb5,#cf647a,#a66271,1,skillAuthor,@maeeshabiswas,https://cdn.sanity.io/images/e5fj2khm/production/9440c7ff0bd4c4c49083c907cd073c5adf3e3490-400x400.jpg
image-c0dec8903e46d92efb4fdba75cbd603151a0fd83-1208x728-png,2025-08-29T18:44:26Z,2025-08-29T18:44:26Z,Skills Gallery 102.png,png,image/png,1208,728,1.6593406593406594,1453059,true,#7e7a7e,#df5f1f,#7e7a7e,0,,,https://cdn.sanity.io/images/e5fj2khm/production/c0dec8903e46d92efb4fdba75cbd603151a0fd83-1208x728.png
image-5b6448b4c335920ffb2c2803657392ff87bf02ca-1661x969-jpg,2025-08-29T18:45:07Z,2025-08-29T18:45:07Z,cef6ad1e3596-iScreen_Shoter___20250816002301856.jpg,jpg,image/jpeg,1661,969,1.714138286893705,595732,false,#e3786c,#f48c5e,#b97978,0,,,https://cdn.sanity.io/images/e5fj2khm/production/5b6448b4c335920ffb2c2803657392ff87bf02ca-1661x969.jpg
image-cf3926977a49a85de6e36c1a56def43bb439e9e9-1208x728-png,2025-08-29T18:56:47Z,2025-08-29T18:56:47Z,Skills Gallery 103.png,png,image/png,1208,728,1.6593406593406594,1513681,true,#c8b6ae,#ce9130,#a17c63,0,,,https://cdn.sanity.io/images/e5fj2khm/production/cf3926977a49a85de6e36c1a56def43bb439e9e9-1208x728.png
image-d541300db2775c2edbe741baf9d26e25fd9b0f7a-1208x728-png,2025-08-29T19:06:17Z,2025-08-29T19:06:17Z,Skills Gallery 104.png,png,image/png,1208,728,1.6593406593406594,1810972,true,#e97414,#e97414,#54ab7c,0,,,https://cdn.sanity.io/images/e5fj2khm/production/d541300db2775c2edbe741baf9d26e25fd9b0f7a-1208x728.png
image-8a271a9611bdab2b710cfb7765cadf6abc1acd80-1208x728-png,2025-08-29T19:18:27Z,2025-08-29T19:18:27Z,Skills Gallery 105.png,png,image/png,1208,728,1.6593406593406594,1438825,true,#bdaea6,#a4684c,#af816b,0,,,https://cdn.sanity.io/images/e5fj2khm/production/8a271a9611bdab2b710cfb7765cadf6abc1acd80-1208x728.png
image-ab5dc4a8887f495027729eabbe826b96083d0ceb-1208x728-png,2025-08-29T19:34:50Z,2025-08-29T19:34:50Z,Skills Gallery 106.png,png,image/png,1208,728,1.6593406593406594,1474913,true,#bcbbbb,#807e7e,#797877,0,,,https://cdn.sanity.io/images/e5fj2khm/production/ab5dc4a8887f495027729eabbe826b96083d0ceb-1208x728.png
image-c9b56b3f9deae7f3e56cf217666aa941d2fd94d6-2850x1560-png,2025-08-29T19:55:22Z,2025-08-29T19:55:22Z,Screenshot 2025-08-29 at 12.53.05 PM.png,png,image/png,2850,1560,1.8269230769230769,1983145,true,#d2a2b6,#df1f62,#8a8988,1,skill,watch-tonight,https://cdn.sanity.io/images/e5fj2khm/production/c9b56b3f9deae7f3e56cf217666aa941d2fd94d6-2850x1560.png
image-5ce6aaeca80374015f8a6f5dd9f18d327501b23c-2854x1558-png,2025-08-29T19:55:33Z,2025-08-29T19:55:33Z,Screenshot 2025-08-29 at 12.55.00 PM.png,png,image/png,2854,1558,1.8318356867779204,1534228,true,#f4a1bd,#e41a5e,#818181,1,skill,watch-tonight,https://cdn.sanity.io/images/e5fj2khm/production/5ce6aaeca80374015f8a6f5dd9f18d327501b23c-2854x1558.png
image-0489e3b417f835271fe5d7853089f91841112404-2860x1566-png,2025-08-29T20:01:54Z,2025-08-29T20:01:54Z,Screenshot 2025-08-29 at 1.00.11 PM.png,png,image/png,2860,1566,1.826309067688378,2863308,true,#cda998,#e51988,#96705f,0,,,https://cdn.sanity.io/images/e5fj2khm/production/0489e3b417f835271fe5d7853089f91841112404-2860x1566.png
image-80dbab2893583edc87881544456e5e12f17d8068-2854x1554-png,2025-08-29T20:02:05Z,2025-08-29T20:02:05Z,Screenshot 2025-08-29 at 1.01.07 PM.png,png,image/png,2854,1554,1.8365508365508365,1866812,true,#f4abdc,#e11da1,#5d5c97,0,,,https://cdn.sanity.io/images/e5fj2khm/production/80dbab2893583edc87881544456e5e12f17d8068-2854x1554.png
image-46361c302924c09ac0bc4380a5137f0dee017b16-2848x1560-png,2025-08-29T20:06:22Z,2025-08-29T20:06:22Z,Screenshot 2025-08-29 at 1.05.51 PM.png,png,image/png,2848,1560,1.8256410256410256,2096090,true,#c1939c,#e7176e,#c1939c,0,,,https://cdn.sanity.io/images/e5fj2khm/production/46361c302924c09ac0bc4380a5137f0dee017b16-2848x1560.png
image-13f877329f60e4e7225106c2a53ecdde529bad80-2816x1544-png,2025-08-29T20:11:48Z,2025-08-29T20:11:48Z,Screenshot 2025-08-29 at 1.11.31 PM.png,png,image/png,2816,1544,1.8238341968911918,2294376,true,#c0b3b6,#a37446,#597c9a,1,skill,transcript,https://cdn.sanity.io/images/e5fj2khm/production/13f877329f60e4e7225106c2a53ecdde529bad80-2816x1544.png
image-300d3a0b07c6e978aeada913774847f74e10fb81-2842x1544-png,2025-08-29T20:14:17Z,2025-08-29T20:14:17Z,Screenshot 2025-08-29 at 1.14.03 PM.png,png,image/png,2842,1544,1.8406735751295338,2409518,true,#c3d4ca,#2244c2,#6c948c,2,homePage | skill,homePage | transcript,https://cdn.sanity.io/images/e5fj2khm/production/300d3a0b07c6e978aeada913774847f74e10fb81-2842x1544.png
image-5cea3bc92c52fd12b1ff1eb11d57bcbd6b5f23ba-1200x720-png,2025-08-29T20:18:25Z,2025-08-29T20:18:25Z,Skills Gallery (25).png,png,image/png,1200,720,1.6666666666666667,1476559,true,#b08650,#b08650,#a38667,1,skill,daily-dose,https://cdn.sanity.io/images/e5fj2khm/production/5cea3bc92c52fd12b1ff1eb11d57bcbd6b5f23ba-1200x720.png
image-f4e59a9d9ee9ace47ef9f9083e555e1b635bd703-2844x1554-png,2025-08-29T20:27:28Z,2025-08-29T20:27:28Z,Screenshot 2025-08-29 at 1.25.40 PM.png,png,image/png,2844,1554,1.83011583011583,1494042,true,#d8b9af,#6396de,#947c84,0,,,https://cdn.sanity.io/images/e5fj2khm/production/f4e59a9d9ee9ace47ef9f9083e555e1b635bd703-2844x1554.png
image-65225a37463ff8802625e618fdfa6b0929a20305-2848x1552-png,2025-08-29T20:27:39Z,2025-08-29T20:27:39Z,Screenshot 2025-08-29 at 1.26.59 PM.png,png,image/png,2848,1552,1.8350515463917525,1818961,true,#c49399,#6497e4,#9c7c6c,0,,,https://cdn.sanity.io/images/e5fj2khm/production/65225a37463ff8802625e618fdfa6b0929a20305-2848x1552.png
image-7718cb7b85fc1e4ce59f3295545a10f5bc69ec85-2842x1538-png,2025-08-29T20:29:44Z,2025-08-29T20:29:44Z,Screenshot 2025-08-29 at 1.28.51 PM.png,png,image/png,2842,1538,1.847854356306892,1480592,true,#e3c5d5,#d72750,#808080,0,,,https://cdn.sanity.io/images/e5fj2khm/production/7718cb7b85fc1e4ce59f3295545a10f5bc69ec85-2842x1538.png
image-78ab24e9e39957b9a492a975b791a81eab936035-2844x1524-png,2025-08-29T20:29:53Z,2025-08-29T20:29:53Z,Screenshot 2025-08-29 at 1.29.20 PM.png,png,image/png,2844,1524,1.8661417322834646,1456355,true,#949494,#de205e,#949494,0,,,https://cdn.sanity.io/images/e5fj2khm/production/78ab24e9e39957b9a492a975b791a81eab936035-2844x1524.png
image-6a744f6f3d78e80f4edda93bba1eac4f08f335a5-2838x1524-png,2025-08-29T20:36:47Z,2025-08-29T20:36:47Z,Screenshot 2025-08-29 at 1.36.21 PM.png,png,image/png,2838,1524,1.8622047244094488,2259672,true,#25254e,#5252ac,#58a7a0,0,,,https://cdn.sanity.io/images/e5fj2khm/production/6a744f6f3d78e80f4edda93bba1eac4f08f335a5-2838x1524.png
image-70fd892d0a93d4291c61f4c6433d0cc9b4c33810-2856x1554-png,2025-08-29T20:37:00Z,2025-08-29T20:37:00Z,Screenshot 2025-08-29 at 1.35.17 PM.png,png,image/png,2856,1554,1.837837837837838,1980264,true,#cc9e95,#cc9e95,#947c74,0,,,https://cdn.sanity.io/images/e5fj2khm/production/70fd892d0a93d4291c61f4c6433d0cc9b4c33810-2856x1554.png
image-9ba371762a7de1305c705deb72beeca881c849c4-2846x1522-png,2025-08-29T20:40:05Z,2025-08-29T20:40:05Z,Screenshot 2025-08-29 at 1.38.35 PM.png,png,image/png,2846,1522,1.8699080157687253,1837305,true,#f47404,#f47404,#987874,0,,,https://cdn.sanity.io/images/e5fj2khm/production/9ba371762a7de1305c705deb72beeca881c849c4-2846x1522.png
image-33df6c365cf6fbd19238e7425182f9083fa83825-2840x1536-png,2025-08-29T20:40:16Z,2025-08-29T20:40:16Z,Screenshot 2025-08-29 at 1.39.28 PM.png,png,image/png,2840,1536,1.8489583333333333,3609881,true,#e9b2bb,#457596,#928555,0,,,https://cdn.sanity.io/images/e5fj2khm/production/33df6c365cf6fbd19238e7425182f9083fa83825-2840x1536.png
image-96046e5f6927d073302dc9742f529e8f774285c8-3232x2072-png,2025-09-02T17:15:32Z,2025-09-02T17:15:32Z,Screenshot 2025-09-02 at 1.13.59 PM.png,png,image/png,3232,2072,1.5598455598455598,2728873,true,#5480a8,#5c94bc,#5480a8,0,,,https://cdn.sanity.io/images/e5fj2khm/production/96046e5f6927d073302dc9742f529e8f774285c8-3232x2072.png
image-39ee38f3bdbfeaedaccdf4aa10308a8c2443e77f-1956x1436-png,2025-09-02T17:15:42Z,2025-09-02T17:15:42Z,Screenshot 2025-09-02 at 1.15.11 PM.png,png,image/png,1956,1436,1.3621169916434541,1239675,true,#4e779b,#5689b7,#4e779b,0,,,https://cdn.sanity.io/images/e5fj2khm/production/39ee38f3bdbfeaedaccdf4aa10308a8c2443e77f-1956x1436.png
image-9d632e85e00c7b7a5d0a9ee26dca2cc95b5a0fea-2578x1686-png,2025-09-05T14:20:02Z,2025-09-05T14:20:02Z,browsing-history-skills.png,png,image/png,2578,1686,1.5290628706998814,2890430,true,#340c06,#489dc7,#4c7fab,1,changelog,0-45-0,https://cdn.sanity.io/images/e5fj2khm/production/9d632e85e00c7b7a5d0a9ee26dca2cc95b5a0fea-2578x1686.png
image-efa42eae1010324349aad90cbffc52d1c95662c8-1000x749-png,2025-09-05T15:00:43Z,2025-09-05T15:00:43Z,in-house-skills.png,png,image/png,1000,749,1.335113484646195,359006,true,#7da0bd,#4297c3,#7da0bd,1,changelog,0-43-0,https://cdn.sanity.io/images/e5fj2khm/production/efa42eae1010324349aad90cbffc52d1c95662c8-1000x749.png
image-095c05498117e700d355cb05aa41ff34e974d9a0-1594x1298-png,2025-09-05T15:02:29Z,2025-09-05T15:02:29Z,calendar.png,png,image/png,1594,1298,1.2280431432973806,993288,true,#c5bacb,#83b2d8,#7a8898,1,changelog,0-43-0,https://cdn.sanity.io/images/e5fj2khm/production/095c05498117e700d355cb05aa41ff34e974d9a0-1594x1298.png
image-f632892c1be3ff8ff507b8eb92b77ec43985ed95-2325x1417-png,2025-09-17T20:56:34Z,2025-09-17T20:56:34Z,thinking-deeply.png,png,image/png,2325,1417,1.6407904022582922,954510,false,#66889f,#2464cc,#66889f,1,changelog,0-47-0,https://cdn.sanity.io/images/e5fj2khm/production/f632892c1be3ff8ff507b8eb92b77ec43985ed95-2325x1417.png
image-a8e062ae29f70bcff0b48f99d4a21bd4c80a5eeb-2551x1840-png,2025-09-17T20:57:05Z,2025-09-17T20:57:05Z,search-engine.png,png,image/png,2551,1840,1.3864130434782609,920029,false,#979666,#eebb3a,#979666,1,changelog,0-47-0,https://cdn.sanity.io/images/e5fj2khm/production/a8e062ae29f70bcff0b48f99d4a21bd4c80a5eeb-2551x1840.png
image-263d3bb33ca7faecd2ce5fe5944f08585eb8174d-2181x2147-png,2025-09-17T20:59:57Z,2025-09-17T20:59:57Z,copy-image.png,png,image/png,2181,2147,1.015836050302748,1710170,false,#daddf5,#4c8cac,#517a9f,1,changelog,0-47-0,https://cdn.sanity.io/images/e5fj2khm/production/263d3bb33ca7faecd2ce5fe5944f08585eb8174d-2181x2147.png
image-d7157ab1942e9fec88ae7c2b9b2cf522632aabc0-2325x1557-png,2025-09-17T21:00:29Z,2025-09-17T21:00:29Z,split-tab.png,png,image/png,2325,1557,1.4932562620423893,982089,false,#d1b4be,#9cfc04,#4c7c94,2,changelog | homePage,0-47-0 | homePage,https://cdn.sanity.io/images/e5fj2khm/production/d7157ab1942e9fec88ae7c2b9b2cf522632aabc0-2325x1557.png
image-1fd13425fb5f1b81b03971953b3862afe81ed77f-768x341-png,2025-09-25T20:07:52Z,2025-09-25T20:07:52Z,update-dia.png,png,image/png,768,341,2.2521994134897363,155060,true,#c0cfdc,#f4ab55,#496ea8,1,updateDiaInstructions,Update Dia to get this Skill,https://cdn.sanity.io/images/e5fj2khm/production/1fd13425fb5f1b81b03971953b3862afe81ed77f-768x341.png
image-d7ec5a753fb5ef67e54ff95788aecce466231138-1022x650-png,2025-09-26T19:56:33Z,2025-09-26T19:56:33Z,skills-return.png,png,image/png,1022,650,1.5723076923076924,272745,true,#b47cb1,#cf8aae,#b47cb1,1,changelog,0-48-0,https://cdn.sanity.io/images/e5fj2khm/production/d7ec5a753fb5ef67e54ff95788aecce466231138-1022x650.png
image-c27b0613a69b8399df7790b25e27d30393559c8a-1331x1338-png,2025-09-26T19:56:53Z,2025-09-26T19:56:53Z,quick-answer.png,png,image/png,1331,1338,0.9947683109118086,796989,true,#bcbfd1,#2c83d2,#6c94a4,1,changelog,0-48-0,https://cdn.sanity.io/images/e5fj2khm/production/c27b0613a69b8399df7790b25e27d30393559c8a-1331x1338.png
image-80bf59304c126e3dd8363dc2e74b65dd3709bb56-750x450-png,2025-10-01T01:11:17Z,2025-10-01T01:11:17Z,step-one.png,png,image/png,750,450,1.6666666666666667,15581,true,#7c7c7c,#7f7f7f,#7c7c7c,0,,,https://cdn.sanity.io/images/e5fj2khm/production/80bf59304c126e3dd8363dc2e74b65dd3709bb56-750x450.png
image-c2f315fefa9946f7be57a64150236317151c1ce9-750x510-png,2025-10-01T01:11:34Z,2025-10-01T01:11:34Z,step-two.png,png,image/png,750,510,1.4705882352941178,53240,true,#c3d1d7,#f5c01a,#4c6ea1,1,thankYouPage,thankYouPage,https://cdn.sanity.io/images/e5fj2khm/production/c2f315fefa9946f7be57a64150236317151c1ce9-750x510.png
image-c7dc7a0510fb66c9ffd5605212dcdc7753955f03-750x450-png,2025-10-01T01:12:25Z,2025-10-01T01:12:25Z,step-three.png,png,image/png,750,450,1.6666666666666667,37804,true,#666666,#7f7f7f,#949494,0,,,https://cdn.sanity.io/images/e5fj2khm/production/c7dc7a0510fb66c9ffd5605212dcdc7753955f03-750x450.png
image-fc3186f523900e3dd7ad8e45aec5a6357dbcab24-750x510-png,2025-10-01T13:39:02Z,2025-10-01T13:39:02Z,firefox-import.png,png,image/png,750,510,1.4705882352941178,56121,true,#a4bcd4,#f69a11,#535690,1,thankYouPage,thankYouPage,https://cdn.sanity.io/images/e5fj2khm/production/fc3186f523900e3dd7ad8e45aec5a6357dbcab24-750x510.png
image-2703e2408892fe006df423eb929c3b3687f9323b-750x510-png,2025-10-01T13:39:18Z,2025-10-01T13:39:18Z,arc-import.png,png,image/png,750,510,1.4705882352941178,48438,true,#1932d9,#1932d9,#8d5495,1,thankYouPage,thankYouPage,https://cdn.sanity.io/images/e5fj2khm/production/2703e2408892fe006df423eb929c3b3687f9323b-750x510.png
image-1aa7890cb86eb06bc9338dd17feb1845f2047737-750x510-png,2025-10-01T13:39:25Z,2025-10-01T13:39:25Z,safari-import.png,png,image/png,750,510,1.4705882352941178,63903,true,#bccbd7,#10bef0,#4b84aa,1,thankYouPage,thankYouPage,https://cdn.sanity.io/images/e5fj2khm/production/1aa7890cb86eb06bc9338dd17feb1845f2047737-750x510.png
image-9bd4221bb4d1e1b4ae25eb88210c4fb38b1dd114-750x450-png,2025-10-01T13:56:33Z,2025-10-01T13:56:33Z,Image.png,png,image/png,750,450,1.6666666666666667,42735,true,#4c4c4c,#7f7f7f,#7c7c7c,0,,,https://cdn.sanity.io/images/e5fj2khm/production/9bd4221bb4d1e1b4ae25eb88210c4fb38b1dd114-750x450.png
image-5976365aebb7bd471d1ed55d1b3f64d6ba12529a-2040x722-png,2025-10-01T16:10:58Z,2025-10-01T16:10:58Z,home-hero.png,png,image/png,2040,722,2.8254847645429364,329136,true,#444444,#5474dc,#ac646c,0,,,https://cdn.sanity.io/images/e5fj2khm/production/5976365aebb7bd471d1ed55d1b3f64d6ba12529a-2040x722.png
image-5eb29e39e46a378d65cace440ef49dd005ab2190-270x301-png,2025-10-01T16:20:19Z,2025-10-01T16:20:19Z,Carousel Item.png,png,image/png,270,301,0.8970099667774086,120813,true,#f11915,#f11915,#ab8c4f,1,homePage,homePage,https://cdn.sanity.io/images/e5fj2khm/production/5eb29e39e46a378d65cace440ef49dd005ab2190-270x301.png
image-7212f2c19d3652e7930d3db19e592d11d7d00216-440x360-png,2025-10-01T16:25:40Z,2025-10-01T16:25:40Z,Profiles.png,png,image/png,440,360,1.2222222222222223,30255,true,#0696cd,#0696cd,#b4aa74,0,,,https://cdn.sanity.io/images/e5fj2khm/production/7212f2c19d3652e7930d3db19e592d11d7d00216-440x360.png
image-ff0a0d6202a12049ec4b00bdbbe670811796169b-440x360-png,2025-10-01T16:28:33Z,2025-10-01T16:28:33Z,Ad Block.png,png,image/png,440,360,1.2222222222222223,41172,true,#187ff3,#187ff3,#5084a3,0,,,https://cdn.sanity.io/images/e5fj2khm/production/ff0a0d6202a12049ec4b00bdbbe670811796169b-440x360.png
image-6b0449786a2f617da1921f543e5dd0fa521dc806-2720x962-png,2025-10-02T17:07:03Z,2025-10-02T17:07:03Z,Copy this layer.png,png,image/png,2720,962,2.8274428274428276,507557,true,#444444,#546cd4,#ac646e,0,,,https://cdn.sanity.io/images/e5fj2khm/production/6b0449786a2f617da1921f543e5dd0fa521dc806-2720x962.png
image-99502a64cc35b6e83e929a9f982379f11642799d-1340x671-png,2025-10-03T19:18:48Z,2025-10-03T19:18:48Z,Image.png,png,image/png,1340,671,1.9970193740685545,132211,true,#a06271,#552ad4,#a06271,0,,,https://cdn.sanity.io/images/e5fj2khm/production/99502a64cc35b6e83e929a9f982379f11642799d-1340x671.png
image-09ef9c89319ba3240170d7c1e0ccba05bfee6448-1340x671-png,2025-10-03T19:19:04Z,2025-10-03T19:19:04Z,Image.png,png,image/png,1340,671,1.9970193740685545,381662,true,#29a6ae,#2087ae,#7c9c5c,0,,,https://cdn.sanity.io/images/e5fj2khm/production/09ef9c89319ba3240170d7c1e0ccba05bfee6448-1340x671.png
image-fad49c71115bff4e69fdebcd12c7ac7c6d545f1a-880x671-png,2025-10-03T19:20:14Z,2025-10-03T19:20:14Z,Image.png,png,image/png,880,671,1.3114754098360655,111542,true,#b2c0b8,#49a7ea,#546c92,0,,,https://cdn.sanity.io/images/e5fj2khm/production/fad49c71115bff4e69fdebcd12c7ac7c6d545f1a-880x671.png
image-b1aa2e7eb7c27970b552d987216c849ddec22050-1340x671-png,2025-10-03T19:25:16Z,2025-10-03T19:25:16Z,Image.png,png,image/png,1340,671,1.9970193740685545,82269,true,#cda3ac,#e03557,#8f5461,0,,,https://cdn.sanity.io/images/e5fj2khm/production/b1aa2e7eb7c27970b552d987216c849ddec22050-1340x671.png
image-bad2f65a154bfb177d4cfba40c2b443079f82c6f-880x621-png,2025-10-03T19:33:53Z,2025-10-03T19:33:53Z,Image.png,png,image/png,880,621,1.4170692431561998,256935,true,#1196c6,#1196c6,#686090,0,,,https://cdn.sanity.io/images/e5fj2khm/production/bad2f65a154bfb177d4cfba40c2b443079f82c6f-880x621.png
image-5bc2dab6da0170eec3cf09c8a3c0eaf4b42c2d09-880x621-png,2025-10-03T19:34:12Z,2025-10-03T19:34:12Z,Image.png,png,image/png,880,621,1.4170692431561998,302170,true,#434444,#1f89ea,#729db4,0,,,https://cdn.sanity.io/images/e5fj2khm/production/5bc2dab6da0170eec3cf09c8a3c0eaf4b42c2d09-880x621.png
image-f05cfb94955fbdcb6bad34d3ba631d5dfef0ed56-2010x1005-png,2025-10-07T11:49:07Z,2025-10-07T11:49:07Z,Image=Cmd Bar.png,png,image/png,2010,1005,2,431701,true,#ab596b,#be6e7e,#ab596b,1,homePage,homePage,https://cdn.sanity.io/images/e5fj2khm/production/f05cfb94955fbdcb6bad34d3ba631d5dfef0ed56-2010x1005.png
image-80d7f9942c07628aa3120b29cb565401bf853d2d-1320x1005-png,2025-10-07T11:49:24Z,2025-10-07T11:49:24Z,Image=Ad Block.png,png,image/png,1320,1005,1.3134328358208955,208475,true,#c6d2d8,#187fed,#4a7a9c,1,homePage,homePage,https://cdn.sanity.io/images/e5fj2khm/production/80d7f9942c07628aa3120b29cb565401bf853d2d-1320x1005.png
image-ff23aea3c841a0db60d0a428f281bd3030062d37-2010x1005-png,2025-10-07T11:50:53Z,2025-10-07T11:50:53Z,Image=Split.png,png,image/png,2010,1005,2,571717,true,#543854,#049c64,#586297,0,,,https://cdn.sanity.io/images/e5fj2khm/production/ff23aea3c841a0db60d0a428f281bd3030062d37-2010x1005.png
image-be001c2312fc7c34ba93379e43283ca17b6fd833-1320x1005-png,2025-10-07T11:51:26Z,2025-10-07T11:51:26Z,Image=Profiles.png,png,image/png,1320,1005,1.3134328358208955,212370,true,#e0c8c7,#e2ae1b,#ba7a97,1,homePage,homePage,https://cdn.sanity.io/images/e5fj2khm/production/be001c2312fc7c34ba93379e43283ca17b6fd833-1320x1005.png
image-62386a2a36b072a862f9832d16ea3ae90723039a-2010x1005-png,2025-10-07T11:52:01Z,2025-10-07T11:52:01Z,Image=Mention Tabs.png,png,image/png,2010,1005,2,162937,true,#d03a59,#d03a59,#657c70,1,homePage,homePage,https://cdn.sanity.io/images/e5fj2khm/production/62386a2a36b072a862f9832d16ea3ae90723039a-2010x1005.png
image-f4cefc1c0b860228aa4c95ae347dfb9ee1a24ae5-1320x1005-png,2025-10-07T11:52:09Z,2025-10-07T11:52:09Z,Image=Skills.png,png,image/png,1320,1005,1.3134328358208955,539322,true,#464249,#5c94b4,#548094,1,homePage,homePage,https://cdn.sanity.io/images/e5fj2khm/production/f4cefc1c0b860228aa4c95ae347dfb9ee1a24ae5-1320x1005.png
image-4292dbfb0935c5d3a048a475f635c77c20fc07ec-324x361-png,2025-10-07T11:55:27Z,2025-10-07T11:55:27Z,Carousel Item-1.png,png,image/png,324,361,0.8975069252077562,165504,true,#f4bc84,#e0bc6c,#bc8c84,0,,,https://cdn.sanity.io/images/e5fj2khm/production/4292dbfb0935c5d3a048a475f635c77c20fc07ec-324x361.png
image-fabbec1fccf24dd8a8a5f0fc3e2a7604a0fe3a5a-235x262-png,2025-10-07T11:55:36Z,2025-10-07T11:55:36Z,Carousel Item.png,png,image/png,235,262,0.8969465648854962,34696,true,#fc7474,#cf5754,#5c5c58,0,,,https://cdn.sanity.io/images/e5fj2khm/production/fabbec1fccf24dd8a8a5f0fc3e2a7604a0fe3a5a-235x262.png
image-a99b0fa9deb4d209ccc64c8b6dde348799b2bbf0-726x762-png,2025-10-07T11:55:53Z,2025-10-07T11:55:53Z,Frame 3465866.png,png,image/png,726,762,0.952755905511811,509280,true,#bccceb,#3a69c4,#233f75,0,,,https://cdn.sanity.io/images/e5fj2khm/production/a99b0fa9deb4d209ccc64c8b6dde348799b2bbf0-726x762.png
image-630966a6a83f2b3cfa3a49fea9313b473aa5ed7d-726x693-png,2025-10-07T11:56:09Z,2025-10-07T11:56:09Z,Frame 3465866-1.png,png,image/png,726,693,1.0476190476190477,613197,true,#e0d5c4,#ddb321,#846b14,0,,,https://cdn.sanity.io/images/e5fj2khm/production/630966a6a83f2b3cfa3a49fea9313b473aa5ed7d-726x693.png
image-534992d462bbde342d50a150f717ac0f4c0deb91-537x379-png,2025-10-07T11:57:51Z,2025-10-07T11:57:51Z,Carousel Item-4.png,png,image/png,537,379,1.4168865435356202,180223,true,#434444,#627f9c,#3b4c5d,0,,,https://cdn.sanity.io/images/e5fj2khm/production/534992d462bbde342d50a150f717ac0f4c0deb91-537x379.png
image-f1b815f2e44107b5f04e58106b710dd15fd4e9f2-270x301-png,2025-10-07T11:58:06Z,2025-10-07T11:58:06Z,Carousel Item-3.png,png,image/png,270,301,0.8970099667774086,85143,true,#f3aca2,#c5747f,#be8784,0,,,https://cdn.sanity.io/images/e5fj2khm/production/f1b815f2e44107b5f04e58106b710dd15fd4e9f2-270x301.png
image-8098f7fdd9f7390a2ce51a2bbbbe0eda46819a3c-672x751-png,2025-10-07T11:58:48Z,2025-10-07T11:58:48Z,sldjkf.png,png,image/png,672,751,0.8948069241011984,582487,true,#f08bad,#e11d5f,#871139,0,,,https://cdn.sanity.io/images/e5fj2khm/production/8098f7fdd9f7390a2ce51a2bbbbe0eda46819a3c-672x751.png
image-2753090866ab37515f274de736e7c00dfb1da664-5440x1924-png,2025-10-07T12:02:07Z,2025-10-07T12:02:07Z,hero.png,png,image/png,5440,1924,2.8274428274428276,1526929,true,#444444,#c2808c,#ac646e,0,,,https://cdn.sanity.io/images/e5fj2khm/production/2753090866ab37515f274de736e7c00dfb1da664-5440x1924.png
image-1655f1f19f3d7e237aa39eacd436d2c68d4f3e80-2900x962-png,2025-10-07T12:10:51Z,2025-10-07T12:10:51Z,hero-2x.png,png,image/png,2900,962,3.0145530145530146,514790,true,#ac6478,#6c89c4,#ac6478,0,,,https://cdn.sanity.io/images/e5fj2khm/production/1655f1f19f3d7e237aa39eacd436d2c68d4f3e80-2900x962.png
image-957705aee4db1fb9dd8a7ed21edc7b3479268e04-1450x481-svg,2025-10-07T12:11:20Z,2025-10-07T12:11:20Z,hero.svg,svg,image/svg+xml,1450,481,3.0145530145530146,329966,true,#444444,#4484f4,#986064,0,,,https://cdn.sanity.io/images/e5fj2khm/production/957705aee4db1fb9dd8a7ed21edc7b3479268e04-1450x481.svg
image-a54e3d05545ae149f009f8315af9b498726b83bf-2010x1005-png,2025-10-07T12:20:12Z,2025-10-07T12:20:12Z,Image=Split.png,png,image/png,2010,1005,2,571213,true,#543854,#049c64,#586397,1,homePage,homePage,https://cdn.sanity.io/images/e5fj2khm/production/a54e3d05545ae149f009f8315af9b498726b83bf-2010x1005.png
image-a3113ddd2203e1ed4af563d6ff2dc974f6a5dd39-1450x481-svg,2025-10-07T12:21:52Z,2025-10-07T12:21:52Z,hero2.svg,svg,image/svg+xml,1450,481,3.0145530145530146,329946,true,#444444,#4484f4,#995c64,0,,,https://cdn.sanity.io/images/e5fj2khm/production/a3113ddd2203e1ed4af563d6ff2dc974f6a5dd39-1450x481.svg
image-0368d4e6f55d8277a744d9d9d8c17bc03e2ffcd0-1450x481-svg,2025-10-07T12:22:35Z,2025-10-07T12:22:35Z,hero3.svg,svg,image/svg+xml,1450,481,3.0145530145530146,329108,true,#444444,#4484f4,#995c64,0,,,https://cdn.sanity.io/images/e5fj2khm/production/0368d4e6f55d8277a744d9d9d8c17bc03e2ffcd0-1450x481.svg
image-25e7c59e0dac9996e4656c8ae7c39ae14815fa82-1450x481-svg,2025-10-07T12:27:03Z,2025-10-07T12:27:03Z,hero4.svg,svg,image/svg+xml,1450,481,3.0145530145530146,329090,true,#444444,#4484f4,#995c64,0,,,https://cdn.sanity.io/images/e5fj2khm/production/25e7c59e0dac9996e4656c8ae7c39ae14815fa82-1450x481.svg
image-2d51606bdc4d98ff3e81e39102f907a03f9fd7e8-324x361-png,2025-10-07T13:16:43Z,2025-10-07T13:16:43Z,Carousel Item-1.png,png,image/png,324,361,0.8975069252077562,156048,true,#90b1f2,#4258bc,#657c8e,0,,,https://cdn.sanity.io/images/e5fj2khm/production/2d51606bdc4d98ff3e81e39102f907a03f9fd7e8-324x361.png
image-1118e0bf0bc460e650ef6cf8fe5563853f5e9feb-235x262-png,2025-10-07T13:16:52Z,2025-10-07T13:16:52Z,Carousel Item.png,png,image/png,235,262,0.8969465648854962,75781,true,#fcec8c,#c6bc54,#bc977f,0,,,https://cdn.sanity.io/images/e5fj2khm/production/1118e0bf0bc460e650ef6cf8fe5563853f5e9feb-235x262.png
image-ee3138c7b59368e82b6ee28623fbd4866be01dc1-726x693-png,2025-10-07T13:22:18Z,2025-10-07T13:22:18Z,Frame 3465866-1.png,png,image/png,726,693,1.0476190476190477,615862,true,#dcd4c3,#debd21,#857113,1,homePage,homePage,https://cdn.sanity.io/images/e5fj2khm/production/ee3138c7b59368e82b6ee28623fbd4866be01dc1-726x693.png
image-deae6b006c7a95b30cb83152c33c6f137de05cb4-537x379-png,2025-10-07T13:22:29Z,2025-10-07T13:22:29Z,Carousel Item-3.png,png,image/png,537,379,1.4168865435356202,361204,true,#aca9ec,#2c37d2,#8484bc,0,,,https://cdn.sanity.io/images/e5fj2khm/production/deae6b006c7a95b30cb83152c33c6f137de05cb4-537x379.png
image-2d95be80eacdd189995e36a86dc0f6e7cb5ec08e-270x301-png,2025-10-07T13:22:36Z,2025-10-07T13:22:36Z,Carousel Item-2.png,png,image/png,270,301,0.8970099667774086,73744,true,#f4bca3,#d63d28,#8c644c,0,,,https://cdn.sanity.io/images/e5fj2khm/production/2d95be80eacdd189995e36a86dc0f6e7cb5ec08e-270x301.png
image-4f4b0008e372ec1b2d4b5640ef3d6947fd6c8aae-672x751-png,2025-10-07T13:22:48Z,2025-10-07T13:22:48Z,sun2.png,png,image/png,672,751,0.8948069241011984,526923,true,#fcecce,#f0a10e,#94a4c4,1,homePage,homePage,https://cdn.sanity.io/images/e5fj2khm/production/4f4b0008e372ec1b2d4b5640ef3d6947fd6c8aae-672x751.png
image-21596275cece037fc6e3b32a4cc533d0370e5a48-235x262-png,2025-10-07T13:22:55Z,2025-10-07T13:22:55Z,apple.png,png,image/png,235,262,0.8969465648854962,77665,true,#f4c4b2,#df541f,#bc7c7c,0,,,https://cdn.sanity.io/images/e5fj2khm/production/21596275cece037fc6e3b32a4cc533d0370e5a48-235x262.png
image-0d81752b94d9ada4287d47fe66cb2d757f46525d-726x762-png,2025-10-07T13:23:00Z,2025-10-07T13:23:00Z,dots.png,png,image/png,726,762,0.952755905511811,560632,true,#ecf5ad,#ccd48b,#868e4c,0,,,https://cdn.sanity.io/images/e5fj2khm/production/0d81752b94d9ada4287d47fe66cb2d757f46525d-726x762.png
image-ba935514d7015391b7c05d7d5860feeb05d906e6-537x379-png,2025-10-07T13:23:55Z,2025-10-07T13:23:55Z,scribble.png,png,image/png,537,379,1.4168865435356202,290155,true,#beb9fc,#3a31cd,#585484,1,homePage,homePage,https://cdn.sanity.io/images/e5fj2khm/production/ba935514d7015391b7c05d7d5860feeb05d906e6-537x379.png
image-6ff069f529cdb032a04573168a5e245a652229c8-324x361-png,2025-10-07T13:30:21Z,2025-10-07T13:30:21Z,image=nyc.png,png,image/png,324,361,0.8975069252077562,139651,true,#0c0606,#cc9493,#946c74,1,homePage,homePage,https://cdn.sanity.io/images/e5fj2khm/production/6ff069f529cdb032a04573168a5e245a652229c8-324x361.png
image-16f6bc67a14331fea36aff7d496aa4c379e2deb3-726x762-png,2025-10-07T13:30:41Z,2025-10-07T13:30:41Z,Frame 3465866.png,png,image/png,726,762,0.952755905511811,678386,true,#f3fbb1,#d9f20c,#829107,1,homePage,homePage,https://cdn.sanity.io/images/e5fj2khm/production/16f6bc67a14331fea36aff7d496aa4c379e2deb3-726x762.png
image-d61dc975a96310883f6c6509c6d73b81b2f5c339-538x601-png,2025-10-07T13:30:50Z,2025-10-07T13:30:50Z,Carousel Item.png,png,image/png,538,601,0.8951747088186356,526713,true,#343444,#d4749c,#985b86,1,homePage,homePage,https://cdn.sanity.io/images/e5fj2khm/production/d61dc975a96310883f6c6509c6d73b81b2f5c339-538x601.png
image-97a116a8ae4d9be2fe55d1a3e48942efb490e2bb-1450x481-svg,2025-10-07T15:25:27Z,2025-10-07T15:25:27Z,website-hero-final.svg,svg,image/svg+xml,1450,481,3.0145530145530146,495197,true,#444444,#4484f4,#995c64,2,homePage,homePage,https://cdn.sanity.io/images/e5fj2khm/production/97a116a8ae4d9be2fe55d1a3e48942efb490e2bb-1450x481.svg
image-d4d462b09f968435fdb6bfea56bb1d28dbaf77e9-2400x1260-png,2025-10-07T18:55:29Z,2025-10-07T18:55:29Z,image (1).png,png,image/png,2400,1260,1.9047619047619047,2793984,false,#f669ec,#ee4ccc,#b66c5a,2,invitePage,invitePage,https://cdn.sanity.io/images/e5fj2khm/production/d4d462b09f968435fdb6bfea56bb1d28dbaf77e9-2400x1260.png
image-536f9fc00a1c7133b9022b86c7392b4c3b381644-2424x1440-png,2025-10-09T11:21:31Z,2025-10-09T11:21:31Z,CleanShot 2025-10-08 at 20.00.25@2x.png,png,image/png,2424,1440,1.6833333333333333,2603466,true,#8cacb3,#d2582c,#9c7c74,1,skill,doc-hursh,https://cdn.sanity.io/images/e5fj2khm/production/536f9fc00a1c7133b9022b86c7392b4c3b381644-2424x1440.png
image-a86bcc79c4528fb493b8a81717b9fe42923583d2-400x400-jpg,2025-10-09T11:24:10Z,2025-10-09T11:24:10Z,hursh_1307461900_34_small_400x400.jpg,jpg,image/jpeg,400,400,1,26608,false,#33445c,#ca334d,#a55d4d,1,skillAuthor,hursh,https://cdn.sanity.io/images/e5fj2khm/production/a86bcc79c4528fb493b8a81717b9fe42923583d2-400x400.jpg
image-432a98df668fc2e326a218d1c8a223bf48ef888d-2004x1336-png,2025-10-09T12:20:19Z,2025-10-09T12:20:19Z,CleanShot 2025-10-09 at 14.19.41@2x.png,png,image/png,2004,1336,1.5,750994,true,#fccc8c,#cfa66e,#8b8887,1,skill,daily-dose,https://cdn.sanity.io/images/e5fj2khm/production/432a98df668fc2e326a218d1c8a223bf48ef888d-2004x1336.png
image-efca663e59de8da054c5041290627dcf9af558a7-2746x2062-png,2025-10-09T12:41:47Z,2025-10-09T12:41:47Z,CleanShot 2025-10-09 at 14.40.16@2x.png,png,image/png,2746,2062,1.3317167798254121,1858725,true,#fab988,#ecb569,#9f8464,1,skill,daily-dose,https://cdn.sanity.io/images/e5fj2khm/production/efca663e59de8da054c5041290627dcf9af558a7-2746x2062.png
image-aafe83f4fb05174f3ba4509f29a20f5202a48b10-4052x2738-png,2025-10-09T12:45:59Z,2025-10-09T12:45:59Z,CleanShot 2025-10-08 at 19.56.28@2x.png,png,image/png,4052,2738,1.4799123447772096,6829255,true,#f4c5b2,#24af8a,#947c6c,1,skill,doc-hursh,https://cdn.sanity.io/images/e5fj2khm/production/aafe83f4fb05174f3ba4509f29a20f5202a48b10-4052x2738.png
image-eace2bf58bdfa9d68b7f420b47d5d720f347fb6a-1208x728-png,2025-10-09T12:55:17Z,2025-10-09T12:55:17Z,skill gallery 107.png,png,image/png,1208,728,1.6593406593406594,1345291,true,#b3bcbf,#bf634a,#a66f59,1,skill,doc-hursh,https://cdn.sanity.io/images/e5fj2khm/production/eace2bf58bdfa9d68b7f420b47d5d720f347fb6a-1208x728.png
image-b5cae2521635ffc97171766d0b0233b43691a895-1208x728-png,2025-10-09T13:17:43Z,2025-10-09T13:17:43Z,skill gallery 95.png,png,image/png,1208,728,1.6593406593406594,1656751,true,#bd9c8f,#b5593f,#b26b5c,1,skill,doc-nathan,https://cdn.sanity.io/images/e5fj2khm/production/b5cae2521635ffc97171766d0b0233b43691a895-1208x728.png
image-1f3e6853cb10de5d292c5eba7bc63d49f57c0e3c-3188x2118-png,2025-10-09T19:05:25Z,2025-10-09T19:05:25Z,CleanShot 2025-10-09 at 14.30.14@2x.png,png,image/png,3188,2118,1.5051935788479698,2725835,true,#ee8168,#ee8168,#b87970,1,skill,weekly,https://cdn.sanity.io/images/e5fj2khm/production/1f3e6853cb10de5d292c5eba7bc63d49f57c0e3c-3188x2118.png
image-668e34841ad3abffa3a525fd0217d073319464dd-2004x1336-png,2025-10-09T19:06:57Z,2025-10-09T19:06:57Z,CleanShot 2025-10-09 at 15.06.46@2x.png,png,image/png,2004,1336,1.5,1097899,true,#dbb8c2,#dc8587,#7c747c,1,skill,weekly,https://cdn.sanity.io/images/e5fj2khm/production/668e34841ad3abffa3a525fd0217d073319464dd-2004x1336.png
image-3b60a5d6dc3614436180e57d191aff61dbbcaa05-1353x949-png,2025-11-04T17:13:44Z,2025-11-04T17:13:44Z,2.png,png,image/png,1353,949,1.4257112750263434,952156,true,#434b4a,#4a89bb,#507a9c,0,,,https://cdn.sanity.io/images/e5fj2khm/production/3b60a5d6dc3614436180e57d191aff61dbbcaa05-1353x949.png
image-fe8e34bdfbaa00e370dc2661ce668b20d10e09fa-880x880-png,2025-11-04T17:17:26Z,2025-11-04T17:17:26Z,Image.png,png,image/png,880,880,1,542668,true,#4f563a,#dc3052,#a6645e,0,,,https://cdn.sanity.io/images/e5fj2khm/production/fe8e34bdfbaa00e370dc2661ce668b20d10e09fa-880x880.png
image-7242d76755dc7e1478a16c77719391d8e1e189ec-120x120-png,2025-11-04T17:18:27Z,2025-11-04T17:18:27Z,Headshot.png,png,image/png,120,120,1,24066,true,#dceefb,#3f3fbf,#5c7ba1,0,,,https://cdn.sanity.io/images/e5fj2khm/production/7242d76755dc7e1478a16c77719391d8e1e189ec-120x120.png
image-ea8a7d0a4b4ef393bcf8b2eedd1ef3ed3fffe306-800x639-jpg,2025-11-04T17:28:15Z,2025-11-04T17:28:15Z,016185d4ba1e1b95e352bd768fe4f20e.jpg,jpg,image/jpeg,800,639,1.2519561815336464,129418,false,#42433b,#4c68a4,#73975d,1,releaseNote,lorem-ipsum-dolor-set,https://cdn.sanity.io/images/e5fj2khm/production/ea8a7d0a4b4ef393bcf8b2eedd1ef3ed3fffe306-800x639.jpg
image-12c06354be996e7ba2f4393171978feb1c6d204f-2400x1440-png,2025-11-04T22:56:20Z,2025-11-04T22:56:20Z,skill gallery 32.png,png,image/png,2400,1440,1.6666666666666667,4838330,true,#bd9187,#c88440,#ad7972,0,,,https://cdn.sanity.io/images/e5fj2khm/production/12c06354be996e7ba2f4393171978feb1c6d204f-2400x1440.png
image-b46f02e365c5f345501e133ca8903d5ea8d8e8e6-2400x1440-png,2025-11-04T22:57:15Z,2025-11-04T22:57:15Z,skill gallery 32.png,png,image/png,2400,1440,1.6666666666666667,4844299,true,#bd9187,#c88440,#ad7972,1,skill,weekly,https://cdn.sanity.io/images/e5fj2khm/production/b46f02e365c5f345501e133ca8903d5ea8d8e8e6-2400x1440.png
image-efb9e8bcbd251ae3823e4ff2a6a625abc8fd5a6e-800x527-gif,2025-11-12T04:15:11Z,2025-11-12T04:15:11Z,LiveCalendarDia (1).gif,gif,image/gif,800,527,1.5180265654648957,1594759,true,#6d3013,#c53686,#4aa951,1,releaseNote,1-5-0-meet-me-in-dia,https://cdn.sanity.io/images/e5fj2khm/production/efb9e8bcbd251ae3823e4ff2a6a625abc8fd5a6e-800x527.gif
image-98f4373ffb8387064dcbcc615f727100821144fa-800x382-gif,2025-11-12T04:16:20Z,2025-11-12T04:16:20Z,Just in time.gif,gif,image/gif,800,382,2.094240837696335,418480,true,#eede87,#b4a45c,#ac9c5d,1,releaseNote,1-5-0-meet-me-in-dia,https://cdn.sanity.io/images/e5fj2khm/production/98f4373ffb8387064dcbcc615f727100821144fa-800x382.gif
image-5061417d35fa87b376ff207a09dea2d785d66ccd-192x192-jpg,2025-11-12T04:19:57Z,2025-11-12T04:19:57Z,charlie.jpeg,jpg,image/jpeg,192,192,1,13260,false,#d4ecfb,#1597e9,#a47a6a,1,releaseNote,1-5-0-meet-me-in-dia,https://cdn.sanity.io/images/e5fj2khm/production/5061417d35fa87b376ff207a09dea2d785d66ccd-192x192.jpg
image-eb8306d2daa744a6be99b6386185c26ca4661eda-512x512-jpg,2025-11-12T04:21:23Z,2025-11-12T04:21:23Z,seb.jpeg,jpg,image/jpeg,512,512,1,32742,false,#a8836e,#c59780,#a8836e,1,releaseNote,1-5-0-meet-me-in-dia,https://cdn.sanity.io/images/e5fj2khm/production/eb8306d2daa744a6be99b6386185c26ca4661eda-512x512.jpg
image-3f89f884747ffec0372c52234e1535dbda75dbe4-400x400-jpg,2025-11-12T04:23:04Z,2025-11-12T04:23:04Z,adam.jpg,jpg,image/jpeg,400,400,1,17606,false,#90632d,#90632d,#94795a,1,releaseNote,1-5-0-meet-me-in-dia,https://cdn.sanity.io/images/e5fj2khm/production/3f89f884747ffec0372c52234e1535dbda75dbe4-400x400.jpg
image-610b6c68a7b7d476aafe5cc617a218b8c81c95b6-2400x1260-png,2025-11-12T15:23:16Z,2025-11-12T15:23:16Z,Default.png,png,image/png,2400,1260,1.9047619047619047,404280,true,#fcf4c4,#f2d10c,#949079,4,releaseNote | releaseNotesLanding,1-30-0-keeping-tabs-tidy | 1-33-0-tab-performance | releaseNotesLanding,https://cdn.sanity.io/images/e5fj2khm/production/610b6c68a7b7d476aafe5cc617a218b8c81c95b6-2400x1260.png
image-a6dee8da955e2c6ee27dc57a880a44d2b0cc5d00-2716x1604-png,2025-11-12T16:57:51Z,2025-11-12T16:57:51Z,findinpage.png,png,image/png,2716,1604,1.6932668329177056,388276,true,#353c53,#345ea4,#566781,0,,,https://cdn.sanity.io/images/e5fj2khm/production/a6dee8da955e2c6ee27dc57a880a44d2b0cc5d00-2716x1604.png
image-6b0ed96f6a6b660dacfff15eba8be316086e1e2f-790x423-png,2025-11-12T16:58:14Z,2025-11-12T16:58:14Z,findinpagesmall.png,png,image/png,790,423,1.867612293144208,150086,true,#647de7,#647de7,#4c64b0,2,releaseNote,1-5-0-meet-me-in-dia,https://cdn.sanity.io/images/e5fj2khm/production/6b0ed96f6a6b660dacfff15eba8be316086e1e2f-790x423.png
image-a7d007ce4b475f2215ac5f8d83e39d56e90c72fe-192x192-png,2025-11-12T18:21:26Z,2025-11-12T18:21:26Z,alexandra.png,png,image/png,192,192,1,62034,false,#d0c5b5,#d4552a,#a0886f,1,releaseNote,1-21-0-before-you-reach-for-it,https://cdn.sanity.io/images/e5fj2khm/production/a7d007ce4b475f2215ac5f8d83e39d56e90c72fe-192x192.png
image-a130c37eba072aa1d4e5e9543f3a5d575565ffd6-672x672-png,2025-11-12T18:24:03Z,2025-11-12T18:24:03Z,atlanta meeting.png,png,image/png,672,672,1,910317,true,#ec6b2b,#ec6b2b,#937263,0,,,https://cdn.sanity.io/images/e5fj2khm/production/a130c37eba072aa1d4e5e9543f3a5d575565ffd6-672x672.png
image-ccf7d8ca8b656a0dedc7f6c20ad2b536517cfd7b-369x512-jpg,2025-11-12T19:19:33Z,2025-11-12T19:19:33Z,TMBRUP2KE-U08JJ5RJL6T-4406b73ff4a4-512.jpg,jpg,image/jpeg,369,512,0.720703125,67319,false,#dfb4a1,#c5a484,#8f766e,0,,,https://cdn.sanity.io/images/e5fj2khm/production/ccf7d8ca8b656a0dedc7f6c20ad2b536517cfd7b-369x512.jpg
image-dd4ebbf9746466d7f5688e23dc4adc7b95701734-512x512-jpg,2025-11-12T19:20:44Z,2025-11-12T19:20:44Z,TMBRUP2KE-U09MJ2MBUTB-bacb9245fdca-512.jpg,jpg,image/jpeg,512,512,1,27926,false,#9d7050,#c08c71,#9d7050,2,releaseNote,1-7-0-flow-state | 1-10-1-year-end-release,https://cdn.sanity.io/images/e5fj2khm/production/dd4ebbf9746466d7f5688e23dc4adc7b95701734-512x512.jpg
image-67250ff1861eb6c9b67c92e9665121223029d2ae-512x512-jpg,2025-11-12T20:05:38Z,2025-11-12T20:05:38Z,nash.jpeg,jpg,image/jpeg,512,512,1,185511,false,#abbfd7,#466494,#5994a7,1,releaseNote,1-5-0-meet-me-in-dia,https://cdn.sanity.io/images/e5fj2khm/production/67250ff1861eb6c9b67c92e9665121223029d2ae-512x512.jpg
image-bc6b35776c551ab136836575f8687d04c380a3c5-512x512-png,2025-11-12T22:01:34Z,2025-11-12T22:01:34Z,matthew.png,png,image/png,512,512,1,112491,false,#fce4cc,#f2c619,#749c5c,0,,,https://cdn.sanity.io/images/e5fj2khm/production/bc6b35776c551ab136836575f8687d04c380a3c5-512x512.png
image-1d9d5d425a1d68171bc68c863af2c3115ef8d593-3480x2486-png,2025-11-13T05:08:59Z,2025-11-13T05:08:59Z,zen of palm.png,png,image/png,3480,2486,1.3998390989541432,6751660,true,#464b33,#c4a474,#858850,0,,,https://cdn.sanity.io/images/e5fj2khm/production/1d9d5d425a1d68171bc68c863af2c3115ef8d593-3480x2486.png
image-8599d79cd85cbda4c5e2aaf9d1c0a521ecfc2f6b-3324x2326-png,2025-11-13T05:12:49Z,2025-11-13T05:12:49Z,zen2.png,png,image/png,3324,2326,1.4290627687016337,5424384,true,#484d33,#c8ac7c,#85884b,0,,,https://cdn.sanity.io/images/e5fj2khm/production/8599d79cd85cbda4c5e2aaf9d1c0a521ecfc2f6b-3324x2326.png
image-c80df73cea774d70f30ce29a1a89b1e1a058c188-800x800-jpg,2025-11-13T05:12:59Z,2025-11-13T05:12:59Z,1751047025342.jpeg,jpg,image/jpeg,800,800,1,87976,false,#66343f,#eeb007,#ad5e52,0,,,https://cdn.sanity.io/images/e5fj2khm/production/c80df73cea774d70f30ce29a1a89b1e1a058c188-800x800.jpg
image-006d8aaa3a3597ebca80d5be7a32013bb8b5dd6b-368x366-png,2025-11-13T05:13:50Z,2025-11-13T05:13:50Z,nick.png,png,image/png,368,366,1.005464480874317,213215,false,#ddaf99,#d4967c,#8b6f6b,3,releaseNote,1-5-0-meet-me-in-dia | 1-6-0-conversations-context-chat | 1-38-0-closing-the-week,https://cdn.sanity.io/images/e5fj2khm/production/006d8aaa3a3597ebca80d5be7a32013bb8b5dd6b-368x366.png
image-0a74f2f9019fd49e20dfbb20aca90f55da173919-2374x1773-png,2025-11-13T05:20:11Z,2025-11-13T05:20:11Z,zen3.png,png,image/png,2374,1773,1.338973491257755,2373531,true,#525434,#c7a888,#ac7c6c,1,releaseNote,1-5-0-meet-me-in-dia,https://cdn.sanity.io/images/e5fj2khm/production/0a74f2f9019fd49e20dfbb20aca90f55da173919-2374x1773.png
image-dfe6b7d196982aea5450d74e501c19a06743e73b-512x512-png,2025-11-13T05:40:12Z,2025-11-13T05:40:12Z,joao.png,png,image/png,512,512,1,497466,false,#c7998e,#c5b676,#9c7871,0,,,https://cdn.sanity.io/images/e5fj2khm/production/dfe6b7d196982aea5450d74e501c19a06743e73b-512x512.png
image-6161dbc499b4178afdcc2dc6678f1e8b70606bde-2000x1330-jpg,2025-11-13T14:10:45Z,2025-11-13T14:10:45Z,brooklynhist004_small.jpg,jpg,image/jpeg,2000,1330,1.5037593984962405,674593,false,#997e5c,#c86b25,#997e5c,0,,,https://cdn.sanity.io/images/e5fj2khm/production/6161dbc499b4178afdcc2dc6678f1e8b70606bde-2000x1330.jpg
image-ac4fcc58a701fa2736bf460d1e2dfb50589bd7c8-799x600-jpg,2025-11-13T14:17:25Z,2025-11-13T14:17:25Z,Othmer-Feature-CBH.jpg,jpg,image/jpeg,799,600,1.3316666666666668,635964,false,#d65514,#d65514,#987c6a,1,releaseNote,1-5-0-meet-me-in-dia,https://cdn.sanity.io/images/e5fj2khm/production/ac4fcc58a701fa2736bf460d1e2dfb50589bd7c8-799x600.jpg
image-439bf8d7e7e06a36c5139df3996638554110ac9b-2400x1260-png,2025-11-17T19:44:34Z,2025-11-17T19:44:34Z,Default.png,png,image/png,2400,1260,1.9047619047619047,401523,true,#fcf4c4,#f2d10c,#949079,4,releaseNote,1-13-1-new-year-new-polish | 1-22-0-dont-think | 1-31-0-pr-hover | 1-32-0-outside-work,https://cdn.sanity.io/images/e5fj2khm/production/439bf8d7e7e06a36c5139df3996638554110ac9b-2400x1260.png
image-83b03031b57d53de25987f22ea43736d80668910-512x512-png,2025-11-17T19:48:35Z,2025-11-17T19:48:35Z,TMBRUP2KE-U02PF1NKK46-46ff42104c2e-512.png,png,image/png,512,512,1,413912,false,#b0805f,#bf8f6c,#b0805f,0,,,https://cdn.sanity.io/images/e5fj2khm/production/83b03031b57d53de25987f22ea43736d80668910-512x512.png
image-63d69cef0e80cca6027ca84a5a31054da0843ffa-1652x2402-png,2025-11-17T21:09:40Z,2025-11-17T21:09:40Z,image (1).png,png,image/png,1652,2402,0.6877601998334721,674764,true,#302e3f,#952cd2,#827d9d,0,,,https://cdn.sanity.io/images/e5fj2khm/production/63d69cef0e80cca6027ca84a5a31054da0843ffa-1652x2402.png
image-235473f2cf67cd00fe9406f033d887898734c44c-479x438-png,2025-11-17T21:09:55Z,2025-11-17T21:09:55Z,image.png,png,image/png,479,438,1.0936073059360731,154828,true,#342c54,#14906c,#9c5c6c,0,,,https://cdn.sanity.io/images/e5fj2khm/production/235473f2cf67cd00fe9406f033d887898734c44c-479x438.png
image-99ed257f1cdd4eb11546e8773df4c76b189eea96-512x512-jpg,2025-11-17T21:14:13Z,2025-11-17T21:14:13Z,TMBRUP2KE-U051E23MQ4U-094e5a4c50bb-512.jpg,jpg,image/jpeg,512,512,1,96240,false,#8f775d,#b12d3a,#8f775d,2,releaseNote,1-14-0-meeting-tab-groups | 1-21-0-before-you-reach-for-it,https://cdn.sanity.io/images/e5fj2khm/production/99ed257f1cdd4eb11546e8773df4c76b189eea96-512x512.jpg
image-117d280caf55f5804da16e11e783ee729481a226-1870x894-png,2025-11-17T21:30:42Z,2025-11-17T21:30:42Z,Screenshot 2025-11-11 at 12.03.31 AM.png,png,image/png,1870,894,2.0917225950783,237687,true,#babad4,#dc895c,#bb8976,0,,,https://cdn.sanity.io/images/e5fj2khm/production/117d280caf55f5804da16e11e783ee729481a226-1870x894.png
image-e5ab97b277e87ba4f18e466d58361b228cc73113-2048x1614-png,2025-11-17T21:31:21Z,2025-11-17T21:31:21Z,Dia 2025-11-07 09.18.16 (1).png,png,image/png,2048,1614,1.2688971499380421,965214,true,#04442c,#0ef09b,#947464,0,,,https://cdn.sanity.io/images/e5fj2khm/production/e5ab97b277e87ba4f18e466d58361b228cc73113-2048x1614.png
image-37c87953041bb9ff26bad281beae0aaa6f1882ee-1804x1260-png,2025-11-18T17:50:30Z,2025-11-18T17:50:30Z,Slack-Search.png,png,image/png,1804,1260,1.4317460317460318,1322704,true,#527af3,#527af3,#4a598a,0,,,https://cdn.sanity.io/images/e5fj2khm/production/37c87953041bb9ff26bad281beae0aaa6f1882ee-1804x1260.png
image-8f4f581313df97bc79b042162e2df973e5aeb20d-1200x1200-png,2025-11-18T18:03:21Z,2025-11-18T18:03:21Z,Rosey-Img.png,png,image/png,1200,1200,1,1660872,true,#af805f,#bf8f6d,#af805f,0,,,https://cdn.sanity.io/images/e5fj2khm/production/8f4f581313df97bc79b042162e2df973e5aeb20d-1200x1200.png
image-56d528b6cd46cef9a83caa32b9933def81e072b2-860x622-png,2025-11-18T18:18:48Z,2025-11-18T18:18:48Z,Feature-2.png,png,image/png,860,622,1.382636655948553,275845,true,#567aec,#567aec,#536ca4,0,,,https://cdn.sanity.io/images/e5fj2khm/production/56d528b6cd46cef9a83caa32b9933def81e072b2-860x622.png
image-9a71caa8e64182510e8f9921ff28592118e961cd-1720x1244-png,2025-11-18T18:21:41Z,2025-11-18T18:21:41Z,Feature-2.png,png,image/png,1720,1244,1.382636655948553,1078761,true,#547bf2,#547bf2,#566ea4,0,,,https://cdn.sanity.io/images/e5fj2khm/production/9a71caa8e64182510e8f9921ff28592118e961cd-1720x1244.png
image-82adb8ce503139d4b686bb6801c0e59827f5c16b-1302x945-png,2025-11-18T18:32:45Z,2025-11-18T18:32:45Z,Feature-3.png,png,image/png,1302,945,1.3777777777777778,756721,true,#061328,#6cb444,#9c7d6a,0,,,https://cdn.sanity.io/images/e5fj2khm/production/82adb8ce503139d4b686bb6801c0e59827f5c16b-1302x945.png
image-52d220ea16b5fdccf3db6ead2b77b6620845fedb-1720x1244-png,2025-11-18T18:38:31Z,2025-11-18T18:38:31Z,Feature-2.png,png,image/png,1720,1244,1.382636655948553,893585,true,#fcf4f4,#c83636,#847873,1,releaseNote,1-6-0-conversations-context-chat,https://cdn.sanity.io/images/e5fj2khm/production/52d220ea16b5fdccf3db6ead2b77b6620845fedb-1720x1244.png
image-7faf887b30594dc87e17419e1bc2ce0a6690691b-1804x1260-png,2025-11-18T18:45:30Z,2025-11-18T18:45:30Z,Slack-Search.png,png,image/png,1804,1260,1.4317460317460318,1245470,true,#797875,#be7940,#797875,0,,,https://cdn.sanity.io/images/e5fj2khm/production/7faf887b30594dc87e17419e1bc2ce0a6690691b-1804x1260.png
image-e1b5b00aed9f162a0985fed24167ffcc7393d047-1500x900-png,2025-11-18T19:17:32Z,2025-11-18T19:17:32Z,Rosey-Img.png,png,image/png,1500,900,1.6666666666666667,2456872,true,#294653,#bb8e43,#b19074,1,releaseNote,1-6-0-conversations-context-chat,https://cdn.sanity.io/images/e5fj2khm/production/e1b5b00aed9f162a0985fed24167ffcc7393d047-1500x900.png
image-962b150367902f75a35a74ea142e5d4b2677a2d4-1302x945-png,2025-11-19T18:07:00Z,2025-11-19T18:07:00Z,Feature-3.png,png,image/png,1302,945,1.3777777777777778,665818,true,#cba8b8,#c48474,#8e6b6c,1,releaseNote,1-6-0-conversations-context-chat,https://cdn.sanity.io/images/e5fj2khm/production/962b150367902f75a35a74ea142e5d4b2677a2d4-1302x945.png
image-7e6393c2e053c0b9344cfd98ba135f6ab2d18760-1804x1260-png,2025-11-19T19:24:16Z,2025-11-19T19:24:16Z,Slack-Search.png,png,image/png,1804,1260,1.4317460317460318,1267592,true,#1b12a9,#1b12a9,#8870bf,1,releaseNote,1-6-0-conversations-context-chat,https://cdn.sanity.io/images/e5fj2khm/production/7e6393c2e053c0b9344cfd98ba135f6ab2d18760-1804x1260.png
image-a9067f049de5425828670149a57fce2813bf45e5-200x321-png,2025-11-19T22:47:17Z,2025-11-19T22:47:17Z,image (14).png,png,image/png,200,321,0.6230529595015576,81919,false,#90434a,#e03855,#52a898,0,,,https://cdn.sanity.io/images/e5fj2khm/production/a9067f049de5425828670149a57fce2813bf45e5-200x321.png
image-8eb390b0121804cf42b6f6664a59abb92b038a32-288x461-png,2025-11-19T22:50:34Z,2025-11-19T22:50:34Z,secret lives of color copy.png,png,image/png,288,461,0.6247288503253796,74256,true,#c29798,#e63545,#746cac,0,,,https://cdn.sanity.io/images/e5fj2khm/production/8eb390b0121804cf42b6f6664a59abb92b038a32-288x461.png
image-7db9f6a2a29e116d51f6df4429df8485114e1d93-216x346-png,2025-11-19T22:52:23Z,2025-11-19T22:52:23Z,secret lives of color copy.png,png,image/png,216,346,0.6242774566473989,48222,true,#c4979a,#e63645,#b15186,0,,,https://cdn.sanity.io/images/e5fj2khm/production/7db9f6a2a29e116d51f6df4429df8485114e1d93-216x346.png
image-8418e59418d5e9bb5c5cae7afb036057e6396422-512x512-png,2025-11-19T22:53:06Z,2025-11-19T22:53:06Z,leff.png,png,image/png,512,512,1,275758,false,#d2cdc0,#c4440c,#b2a35c,2,releaseNote,1-6-0-conversations-context-chat | 1-8-0-direct-from-the-team,https://cdn.sanity.io/images/e5fj2khm/production/8418e59418d5e9bb5c5cae7afb036057e6396422-512x512.png
image-3537c3c9c5623101a3bd1180d9070fd68d8a1f74-512x512-png,2025-11-19T23:11:19Z,2025-11-19T23:11:19Z,Patrick.png,png,image/png,512,512,1,250913,true,#302e4c,#384798,#8c644c,1,releaseNote,1-6-0-conversations-context-chat,https://cdn.sanity.io/images/e5fj2khm/production/3537c3c9c5623101a3bd1180d9070fd68d8a1f74-512x512.png
image-fc9cdad2cf972f8609c6ba039cd7cc35e40d5d6e-512x512-png,2025-11-19T23:12:56Z,2025-11-19T23:12:56Z,Samir.png,png,image/png,512,512,1,437988,true,#314b5d,#bd8c5e,#577ba4,1,releaseNote,1-6-0-conversations-context-chat,https://cdn.sanity.io/images/e5fj2khm/production/fc9cdad2cf972f8609c6ba039cd7cc35e40d5d6e-512x512.png
image-0482274292580e3307b3455f215ba25bb64b1f21-750x1200-png,2025-11-20T05:05:06Z,2025-11-20T05:05:06Z,secret lives of color.png,png,image/png,750,1200,0.625,243323,false,#c59697,#e53547,#b34e88,0,,,https://cdn.sanity.io/images/e5fj2khm/production/0482274292580e3307b3455f215ba25bb64b1f21-750x1200.png
image-2a6602069d7f34180307bcb2bc80d314597f0acc-326x522-jpg,2025-11-20T05:08:11Z,2025-11-20T05:08:11Z,livesofcolor.jpg,jpg,image/jpeg,326,522,0.6245210727969349,17363,false,#cec092,#e33749,#5fb29a,0,,,https://cdn.sanity.io/images/e5fj2khm/production/2a6602069d7f34180307bcb2bc80d314597f0acc-326x522.jpg
image-eef855c0fadd4e76d2caec9e1a41144599b03c76-625x1000-jpg,2025-11-20T15:20:11Z,2025-11-20T15:20:11Z,BookCover.jpg,jpg,image/jpeg,625,1000,0.625,31311,false,#e53848,#e53848,#ae528b,1,releaseNote,1-6-0-conversations-context-chat,https://cdn.sanity.io/images/e5fj2khm/production/eef855c0fadd4e76d2caec9e1a41144599b03c76-625x1000.jpg
image-c228f8382249c0986d7223b5747548444c41b938-800x427-png,2025-11-24T14:22:26Z,2025-11-24T14:22:26Z,Screenshot 2025-11-19 at 2.12.18 PM 1.png,png,image/png,800,427,1.873536299765808,113532,true,#c2cdd4,#e51347,#965d5f,0,,,https://cdn.sanity.io/images/e5fj2khm/production/c228f8382249c0986d7223b5747548444c41b938-800x427.png
image-8f5547cc8ed9a0be5be7f602778fa294b4fb76ee-2720x1038-png,2025-11-24T22:11:47Z,2025-11-24T22:11:47Z,Product.png,png,image/png,2720,1038,2.6204238921001926,782544,true,#4e9cbf,#4e9cbf,#8484ac,0,,,https://cdn.sanity.io/images/e5fj2khm/production/8f5547cc8ed9a0be5be7f602778fa294b4fb76ee-2720x1038.png
image-09b843de24a5738e96afd15db125c360cd5a1855-1808x940-png,2025-11-24T22:12:22Z,2025-11-24T22:12:22Z,Product.png,png,image/png,1808,940,1.9234042553191488,753457,true,#bdc1c3,#0e6f9e,#757281,0,,,https://cdn.sanity.io/images/e5fj2khm/production/09b843de24a5738e96afd15db125c360cd5a1855-1808x940.png
image-03e1c1a07db053afcc6c1d101bbf2e2f04e76b0a-512x512-jpg,2025-11-25T16:19:52Z,2025-11-25T16:19:52Z,TMBRUP2KE-U07K4UGTNQN-553ae0714886-512.jpg,jpg,image/jpeg,512,512,1,37929,false,#4b352a,#c18652,#ad8562,2,releaseNote,1-7-0-flow-state | 1-15-1-polish-galore,https://cdn.sanity.io/images/e5fj2khm/production/03e1c1a07db053afcc6c1d101bbf2e2f04e76b0a-512x512.jpg
image-0782ae8e2ce1425071cac8ed3de73ac28e508473-512x512-png,2025-11-25T16:27:08Z,2025-11-25T16:27:08Z,TMBRUP2KE-U05RDJ1BK3J-802c1afe149c-512.png,png,image/png,512,512,1,187789,false,#a27a57,#9d6032,#a27a57,1,releaseNote,1-7-0-flow-state,https://cdn.sanity.io/images/e5fj2khm/production/0782ae8e2ce1425071cac8ed3de73ac28e508473-512x512.png
image-97575360500ca3504cc7bbe151417d4cafb595d2-512x512-png,2025-11-25T16:27:25Z,2025-11-25T16:27:25Z,TMBRUP2KE-U0620ARAKAR-c8554c1d9770-512.png,png,image/png,512,512,1,294422,false,#363d58,#c77030,#546b9f,1,releaseNote,1-7-0-flow-state,https://cdn.sanity.io/images/e5fj2khm/production/97575360500ca3504cc7bbe151417d4cafb595d2-512x512.png
image-b3445768de60a725924cd2bf86a7aabf989c270c-744x464-png,2025-11-25T18:40:47Z,2025-11-25T18:40:47Z,image (15).png,png,image/png,744,464,1.603448275862069,163249,true,#9fd2e7,#517ec9,#568f79,1,releaseNote,1-7-0-flow-state,https://cdn.sanity.io/images/e5fj2khm/production/b3445768de60a725924cd2bf86a7aabf989c270c-744x464.png
image-b6cfaedb4970c7040155f50d71ba77109e017bd1-4266x2540-png,2025-11-25T18:41:28Z,2025-11-25T18:41:28Z,image (16).png,png,image/png,4266,2540,1.6795275590551182,1084256,true,#f4f4fc,#3636c8,#64647c,0,,,https://cdn.sanity.io/images/e5fj2khm/production/b6cfaedb4970c7040155f50d71ba77109e017bd1-4266x2540.png
image-33d29eb054ad783d8e8de3a4ca109365b9fd5ffd-1890x1062-png,2025-11-25T19:09:45Z,2025-11-25T19:09:45Z,CleanShot 2025-11-25 at 14.09.05@2x.png,png,image/png,1890,1062,1.7796610169491525,1058458,true,#c5a7cd,#cfa22f,#9b8558,0,,,https://cdn.sanity.io/images/e5fj2khm/production/33d29eb054ad783d8e8de3a4ca109365b9fd5ffd-1890x1062.png
image-c1c6c09ee3a22b071f49a5a8fa33c740f77c2f79-1840x1036-png,2025-11-25T19:16:43Z,2025-11-25T19:16:43Z,CleanShot 2025-11-25 at 14.14.20@2x.png,png,image/png,1840,1036,1.776061776061776,711167,true,#f7dea8,#c4b46c,#a7905c,1,releaseNote,1-6-0-conversations-context-chat,https://cdn.sanity.io/images/e5fj2khm/production/c1c6c09ee3a22b071f49a5a8fa33c740f77c2f79-1840x1036.png
image-40fbee45ed58519886ba6cd80278800ee4f23cb6-868x630-png,2025-11-25T19:43:15Z,2025-11-25T19:43:15Z,Feature-2.png,png,image/png,868,630,1.3777777777777778,241470,true,#b1c1da,#2319c6,#697476,0,,,https://cdn.sanity.io/images/e5fj2khm/production/40fbee45ed58519886ba6cd80278800ee4f23cb6-868x630.png
image-75542805ffa4cd9445139a6778be0dce9e29008e-868x630-png,2025-11-25T19:48:10Z,2025-11-25T19:48:10Z,Feature-4.png,png,image/png,868,630,1.3777777777777778,528127,true,#aeaeae,#7f7f7f,#7c7c7c,0,,,https://cdn.sanity.io/images/e5fj2khm/production/75542805ffa4cd9445139a6778be0dce9e29008e-868x630.png
image-caa59a765de19accd8e26a6234527b5e33f1d40f-868x630-png,2025-11-25T19:59:25Z,2025-11-25T19:59:25Z,Feature-4-V2.png,png,image/png,868,630,1.3777777777777778,295029,true,#444443,#888876,#84847c,0,,,https://cdn.sanity.io/images/e5fj2khm/production/caa59a765de19accd8e26a6234527b5e33f1d40f-868x630.png
image-94eba5196295dc4a7d97337a0d029bb5877aac5c-860x622-png,2025-11-25T20:59:32Z,2025-11-25T20:59:32Z,Feature-4-V3.png,png,image/png,860,622,1.382636655948553,412697,true,#dab452,#dab452,#6b5749,2,releaseNote,1-7-0-flow-state,https://cdn.sanity.io/images/e5fj2khm/production/94eba5196295dc4a7d97337a0d029bb5877aac5c-860x622.png
image-ffbac0c23040c9a2f2a3af187f649a30b5281954-4284x5712-jpg,2025-11-26T15:01:03Z,2025-11-26T15:01:03Z,Image from iOS.jpg,jpg,image/jpeg,4284,5712,0.75,1333978,false,#861b38,#861b38,#4c7ca4,1,releaseNote,1-7-0-flow-state,https://cdn.sanity.io/images/e5fj2khm/production/ffbac0c23040c9a2f2a3af187f649a30b5281954-4284x5712.jpg
image-8a1c58af6c7a01a99c513824529c1740f60aab1a-512x512-png,2025-11-26T15:03:50Z,2025-11-26T15:03:50Z,TMBRUP2KE-U04H9G52PDJ-bb5c384f5b21-512.png,png,image/png,512,512,1,286800,false,#6b5441,#bb7f43,#997553,1,releaseNote,1-7-0-flow-state,https://cdn.sanity.io/images/e5fj2khm/production/8a1c58af6c7a01a99c513824529c1740f60aab1a-512x512.png
image-b430db09e089fdb55b62158efe50c67e7aa3947b-840x630-png,2025-11-26T22:39:33Z,2025-11-26T22:39:33Z,Feature-2-V2.png,png,image/png,840,630,1.3333333333333333,166836,true,#bdc6d5,#3e53c4,#4b5a7e,0,,,https://cdn.sanity.io/images/e5fj2khm/production/b430db09e089fdb55b62158efe50c67e7aa3947b-840x630.png
image-064d3276826ef515ba2fdb2f270daa6c1b279faf-832x622-png,2025-11-26T23:17:08Z,2025-11-26T23:17:08Z,Feature-2-V3.png,png,image/png,832,622,1.337620578778135,138656,true,#f4f4fc,#3636c8,#6b5b94,1,releaseNote,1-7-0-flow-state,https://cdn.sanity.io/images/e5fj2khm/production/064d3276826ef515ba2fdb2f270daa6c1b279faf-832x622.png
image-a3179b471d48c891d944fa927591ea90a452291b-3024x4032-jpg,2025-12-02T18:53:49Z,2025-12-02T18:53:49Z,IMG_3883.jpeg,jpg,image/jpeg,3024,4032,0.75,1411156,false,#9abcd1,#c4753b,#a78060,1,releaseNote,1-8-0-direct-from-the-team,https://cdn.sanity.io/images/e5fj2khm/production/a3179b471d48c891d944fa927591ea90a452291b-3024x4032.jpg
image-3a121e90f463b51e2f640b233ad91559f679c9b7-512x512-png,2025-12-02T18:59:31Z,2025-12-02T18:59:31Z,TMBRUP2KE-U01RYLQRB6C-13c0430bef3f-512.png,png,image/png,512,512,1,332903,false,#ccbba4,#bb856a,#a86f5e,3,releaseNote,1-8-0-direct-from-the-team | 1-15-1-polish-galore | 1-36-0-pip-stash,https://cdn.sanity.io/images/e5fj2khm/production/3a121e90f463b51e2f640b233ad91559f679c9b7-512x512.png
image-3430d9caa680b456029a87ed502fde8b1ef36cb4-512x512-jpg,2025-12-02T19:01:13Z,2025-12-02T19:01:13Z,TMBRUP2KE-U051E23KWUC-5c9b94341e79-512.jpg,jpg,image/jpeg,512,512,1,193233,false,#b2bad3,#447cb8,#8d685f,1,releaseNote,1-8-0-direct-from-the-team,https://cdn.sanity.io/images/e5fj2khm/production/3430d9caa680b456029a87ed502fde8b1ef36cb4-512x512.jpg
image-471d0362b2d1aeeab65319cc57d7f04a4a5cb318-1694x850-png,2025-12-02T19:01:41Z,2025-12-02T19:01:41Z,CleanShot 2025-11-26 at 12.13.29@2x.png,png,image/png,1694,850,1.9929411764705882,259453,true,#092823,#6a8bbf,#708c8c,0,,,https://cdn.sanity.io/images/e5fj2khm/production/471d0362b2d1aeeab65319cc57d7f04a4a5cb318-1694x850.png
image-6bd0ac2d91cb6c667788691c5888e9eafb54e5e4-1896x5660-png,2025-12-02T19:03:45Z,2025-12-02T19:03:45Z,image (7).png,png,image/png,1896,5660,0.334982332155477,2953152,true,#6c5333,#6c5333,#9b8061,1,releaseNote,1-8-0-direct-from-the-team,https://cdn.sanity.io/images/e5fj2khm/production/6bd0ac2d91cb6c667788691c5888e9eafb54e5e4-1896x5660.png
image-106b3f3cbde42d5b5e89d4c51b7d006667d13dca-1301x761-svg,2025-12-05T21:41:18Z,2025-12-05T21:41:18Z,DiaEnterprise-Product-Width2.svg,svg,image/svg+xml,1301,761,1.7095926412614981,396220,true,#aec1d7,#6446c1,#5484a4,1,enterprisePage,Dia is built for work,https://cdn.sanity.io/images/e5fj2khm/production/106b3f3cbde42d5b5e89d4c51b7d006667d13dca-1301x761.svg
image-17c21d5dbfbf0f80aff9a23d822202252660de11-1101x761-svg,2025-12-05T21:45:05Z,2025-12-05T21:45:05Z,DiaEnterprise-Product-Width1.svg,svg,image/svg+xml,1101,761,1.4467805519053876,396201,true,#3d8ac4,#3d8ac4,#6e8198,0,,,https://cdn.sanity.io/images/e5fj2khm/production/17c21d5dbfbf0f80aff9a23d822202252660de11-1101x761.svg
image-c988247ec8d7dd49b7a4b14178360bae1faa9fb9-1101x761-svg,2025-12-05T22:10:51Z,2025-12-05T22:10:51Z,DiaEnterprise-Product-Width1.svg,svg,image/svg+xml,1101,761,1.4467805519053876,396198,true,#3d8ac4,#3d8ac4,#6e8198,0,,,https://cdn.sanity.io/images/e5fj2khm/production/c988247ec8d7dd49b7a4b14178360bae1faa9fb9-1101x761.svg
image-85d92aa2867a08a4013b953212fc6f47bfce8234-1101x761-png,2025-12-05T22:11:24Z,2025-12-05T22:11:24Z,DiaEnterprise-Product-Width1.png,png,image/png,1101,761,1.4467805519053876,179857,true,#3b8bc7,#3b8bc7,#675197,1,enterprisePage,Dia is built for work,https://cdn.sanity.io/images/e5fj2khm/production/85d92aa2867a08a4013b953212fc6f47bfce8234-1101x761.png
image-06556ae2d0fc617e7f285f1a0c5b8bf7bd1a3bf7-512x512-png,2025-12-09T17:28:11Z,2025-12-09T17:28:11Z,TMBRUP2KE-U01EU1BQZ8U-77b081b4f180-512.png,png,image/png,512,512,1,436352,false,#c9aa96,#e28b33,#a17d62,3,releaseNote,1-15-1-polish-galore | 1-21-0-before-you-reach-for-it | 1-29-0-sync-unpinned-tabs,https://cdn.sanity.io/images/e5fj2khm/production/06556ae2d0fc617e7f285f1a0c5b8bf7bd1a3bf7-512x512.png
image-7e98bb56ba105d5db50c074ea7ff7bb4377114e1-4490x2840-png,2025-12-09T18:40:13Z,2025-12-09T18:40:13Z,image (7).png,png,image/png,4490,2840,1.5809859154929577,1437468,true,#8a60ca,#8a60ca,#948c5c,0,,,https://cdn.sanity.io/images/e5fj2khm/production/7e98bb56ba105d5db50c074ea7ff7bb4377114e1-4490x2840.png
image-96e57e66107b15a75f301668e017a8c883a80f87-1812x960-png,2025-12-09T21:02:48Z,2025-12-09T21:02:48Z,TabGroup-04.png,png,image/png,1812,960,1.8875,855121,true,#c9a6d4,#3f70bf,#97696a,0,,,https://cdn.sanity.io/images/e5fj2khm/production/96e57e66107b15a75f301668e017a8c883a80f87-1812x960.png
image-b171a0bb17bea5acddfc49a1b0b4e68c091484ab-2114x1556-png,2025-12-10T16:20:59Z,2025-12-10T16:20:59Z,TabGroup-04-V2.png,png,image/png,2114,1556,1.358611825192802,2116511,true,#870b33,#eb1359,#726d94,2,releaseNote,1-9-0-tab-groups,https://cdn.sanity.io/images/e5fj2khm/production/b171a0bb17bea5acddfc49a1b0b4e68c091484ab-2114x1556.png
image-5b00f9bb0354a387895d9a997a8a4e35e8a6ff37-400x400-png,2025-12-10T16:50:21Z,2025-12-10T16:50:21Z,c.png,png,image/png,400,400,1,245566,true,#4d281c,#bc7637,#a87c63,1,releaseNote,1-9-0-tab-groups,https://cdn.sanity.io/images/e5fj2khm/production/5b00f9bb0354a387895d9a997a8a4e35e8a6ff37-400x400.png
image-fb40769a0103996f946e974f719d2e6d4b4c9b67-1528x888-png,2025-12-10T20:32:32Z,2025-12-10T20:32:32Z,Dia_GettingStarted-ProductAnimations-02-V1.png,png,image/png,1528,888,1.7207207207207207,134082,true,#fbf8ec,#7196c6,#7c7c7c,0,,,https://cdn.sanity.io/images/e5fj2khm/production/fb40769a0103996f946e974f719d2e6d4b4c9b67-1528x888.png
image-f27dfed0c9a67897044d5e264fc1230a93cebcf3-1528x888-png,2025-12-10T20:33:51Z,2025-12-10T20:33:51Z,Dia_GettingStarted-ProductAnimations-05-V1.png,png,image/png,1528,888,1.7207207207207207,207092,true,#3a83b9,#3a83b9,#607e9c,0,,,https://cdn.sanity.io/images/e5fj2khm/production/f27dfed0c9a67897044d5e264fc1230a93cebcf3-1528x888.png
image-08c2f31a14157823df322016587afb8e9edb7a88-1520x880-png,2025-12-10T20:34:52Z,2025-12-10T20:34:52Z,Dia_GettingStarted-ProductAnimations-05-V1.png,png,image/png,1520,880,1.7272727272727273,205767,true,#adccc6,#247cc4,#5c89ab,1,gettingStartedPage,gettingStartedPage,https://cdn.sanity.io/images/e5fj2khm/production/08c2f31a14157823df322016587afb8e9edb7a88-1520x880.png
image-c3f3d64217ae7aadb1bf6e8bcced1429442da99d-1520x880-png,2025-12-10T20:35:23Z,2025-12-10T20:35:23Z,Dia_GettingStarted-ProductAnimations-02-V1.png,png,image/png,1520,880,1.7272727272727273,158650,true,#a8d4f8,#709cc0,#7c7484,1,gettingStartedPage,gettingStartedPage,https://cdn.sanity.io/images/e5fj2khm/production/c3f3d64217ae7aadb1bf6e8bcced1429442da99d-1520x880.png
image-0d737ea909f7ea83957dadae80644e62bbee8dc4-1520x880-png,2025-12-10T20:49:55Z,2025-12-10T20:49:55Z,Dia_GettingStarted-ProductAnimations-04-V1.png,png,image/png,1520,880,1.7272727272727273,182690,true,#ecf4fc,#227fdc,#818484,1,gettingStartedPage,gettingStartedPage,https://cdn.sanity.io/images/e5fj2khm/production/0d737ea909f7ea83957dadae80644e62bbee8dc4-1520x880.png
image-825f5de8caa7e3faf204c2354f85b98dec9aac37-1520x880-png,2025-12-10T21:03:20Z,2025-12-10T21:03:20Z,Dia_GettingStarted-ProductAnimations-01-V1.png,png,image/png,1520,880,1.7272727272727273,392868,true,#544b46,#dc8c74,#ae826b,1,gettingStartedPage,gettingStartedPage,https://cdn.sanity.io/images/e5fj2khm/production/825f5de8caa7e3faf204c2354f85b98dec9aac37-1520x880.png
image-2fcd68194a248ce999d6fdb660ac890c27c7a325-1312x1080-png,2025-12-10T21:32:52Z,2025-12-10T21:32:52Z,videoframe_5396.png,png,image/png,1312,1080,1.2148148148148148,266935,true,#a9bfcb,#ccac5c,#a08658,1,releaseNote,1-8-0-direct-from-the-team,https://cdn.sanity.io/images/e5fj2khm/production/2fcd68194a248ce999d6fdb660ac890c27c7a325-1312x1080.png
image-3dedbdf2a554303eeee27d1257d85a5d757583f8-750x450-png,2025-12-11T16:54:42Z,2025-12-11T16:54:42Z,step-one.png,png,image/png,750,450,1.6666666666666667,14501,true,#7c7c7c,#7f7f7f,#7c7c7c,1,thankYouPage,thankYouPage,https://cdn.sanity.io/images/e5fj2khm/production/3dedbdf2a554303eeee27d1257d85a5d757583f8-750x450.png
image-d4bd2ab6be1b2785184a90cb6f5fcb31e823d32f-750x450-png,2025-12-11T16:55:07Z,2025-12-11T16:55:07Z,step-3.png,png,image/png,750,450,1.6666666666666667,39063,true,#4c4c4c,#7f7f7f,#7c7c7c,1,thankYouPage,thankYouPage,https://cdn.sanity.io/images/e5fj2khm/production/d4bd2ab6be1b2785184a90cb6f5fcb31e823d32f-750x450.png
image-a896aefb6fd7c28ece4693d99e5439ec153dbf27-674x572-png,2025-12-16T14:36:07Z,2025-12-16T14:36:07Z,LiveCalendarBadge (1).png,png,image/png,674,572,1.1783216783216783,325864,true,#44443b,#d09a47,#767f87,1,releaseNote,lorem-ipsum-dolor-set,https://cdn.sanity.io/images/e5fj2khm/production/a896aefb6fd7c28ece4693d99e5439ec153dbf27-674x572.png
image-39c0b39ed5e2bca9dff8ab7db195361d53b4e5b9-512x512-jpg,2025-12-16T14:44:54Z,2025-12-16T14:44:54Z,TMBRUP2KE-U08MQ0MT31T-2c813401271e-512.jpg,jpg,image/jpeg,512,512,1,108902,false,#707d79,#c37b3c,#707d79,6,releaseNote,1-10-1-year-end-release | lorem-ipsum-dolor-set,https://cdn.sanity.io/images/e5fj2khm/production/39c0b39ed5e2bca9dff8ab7db195361d53b4e5b9-512x512.jpg
image-6cdf355d4b7126b6fd415ab5f663f7f9d939d5b7-752x660-png,2025-12-16T14:45:27Z,2025-12-16T14:45:27Z,Screenshot 2025-12-16 at 9.45.17 AM.png,png,image/png,752,660,1.1393939393939394,1103399,true,#614833,#d82a24,#a37e51,0,,,https://cdn.sanity.io/images/e5fj2khm/production/6cdf355d4b7126b6fd415ab5f663f7f9d939d5b7-752x660.png
image-a2256a4309f117a3cad68791e0f02a5d1b68bfbc-800x800-png,2025-12-16T18:40:40Z,2025-12-16T18:40:40Z,DiaWeekly-Issue6-Feature-2.png,png,image/png,800,800,1,127593,true,#bc6771,#fc4c5c,#bc6771,0,,,https://cdn.sanity.io/images/e5fj2khm/production/a2256a4309f117a3cad68791e0f02a5d1b68bfbc-800x800.png
image-4e2b0b655c96d620e1141a6df2c3e4725052e907-800x800-png,2025-12-16T18:41:10Z,2025-12-16T18:41:10Z,DiaWeekly-Issue6-Feature-3.png,png,image/png,800,800,1,325269,true,#d4ccdc,#d4351f,#6e6b8f,0,,,https://cdn.sanity.io/images/e5fj2khm/production/4e2b0b655c96d620e1141a6df2c3e4725052e907-800x800.png
image-dd159c2f898ce3b6ee380f6ed29ad17b69a0ed58-512x512-jpg,2025-12-17T14:25:48Z,2025-12-17T14:25:48Z,TMBRUP2KE-U05RDJ1BK3J-2a19bd5389c1-512.jpg,jpg,image/jpeg,512,512,1,27356,false,#aa8380,#1f1fdf,#aa8380,2,releaseNote,1-10-1-year-end-release | 1-33-0-tab-performance,https://cdn.sanity.io/images/e5fj2khm/production/dd159c2f898ce3b6ee380f6ed29ad17b69a0ed58-512x512.jpg
image-4939ba59ab1d4c953383674b7b63fc8c0c78629d-1200x1200-jpg,2025-12-17T15:57:59Z,2025-12-17T15:57:59Z,0x1900-000000-80-0-0.jpg,jpg,image/jpeg,1200,1200,1,129869,false,#ecd4bb,#c78037,#8c7e66,1,releaseNote,1-10-1-year-end-release,https://cdn.sanity.io/images/e5fj2khm/production/4939ba59ab1d4c953383674b7b63fc8c0c78629d-1200x1200.jpg
image-27b6106b9246affabd970cf09b3303849d5b9822-512x512-jpg,2025-12-17T23:56:22Z,2025-12-17T23:56:22Z,ali.jpeg,jpg,image/jpeg,512,512,1,104237,false,#55719b,#b0d53a,#55719b,2,releaseNote,1-10-1-year-end-release | 1-15-1-polish-galore,https://cdn.sanity.io/images/e5fj2khm/production/27b6106b9246affabd970cf09b3303849d5b9822-512x512.jpg
image-0ac13aa4da7f87eb69009915887ae80adf9bd694-512x512-jpg,2025-12-17T23:58:08Z,2025-12-17T23:58:08Z,farah.jpeg,jpg,image/jpeg,512,512,1,118414,false,#65443f,#477ca0,#5588af,2,releaseNote,1-10-1-year-end-release | 1-15-1-polish-galore,https://cdn.sanity.io/images/e5fj2khm/production/0ac13aa4da7f87eb69009915887ae80adf9bd694-512x512.jpg
image-9ac7e52691433244641dfffd8af65aa516dcbd3d-1200x600-png,2025-12-18T00:08:10Z,2025-12-18T00:08:10Z,DiaWeekly-Issue6-Feature-2-V2.png,png,image/png,1200,600,2,298007,true,#462c3d,#e3b738,#8d6569,2,releaseNote,1-10-1-year-end-release,https://cdn.sanity.io/images/e5fj2khm/production/9ac7e52691433244641dfffd8af65aa516dcbd3d-1200x600.png
image-17ac9ad1ef16d8d38698146b7f6cd01d2faf152a-800x700-png,2025-12-18T00:14:26Z,2025-12-18T00:14:26Z,DiaWeekly-Issue6-Feature-4.png,png,image/png,800,700,1.1428571428571428,207860,true,#483d60,#24da61,#57a872,1,releaseNote,1-10-1-year-end-release,https://cdn.sanity.io/images/e5fj2khm/production/17ac9ad1ef16d8d38698146b7f6cd01d2faf152a-800x700.png
image-b187861d0b56bc0027b269c2c878e172d0e4fc89-512x512-png,2026-01-07T16:11:37Z,2026-01-07T16:11:37Z,TMBRUP2KE-UM3J6LXFC-8f5d1e9f0814-512.png,png,image/png,512,512,1,157310,false,#0c54fc,#0c54fc,#b49c64,1,releaseNote,1-13-1-new-year-new-polish,https://cdn.sanity.io/images/e5fj2khm/production/b187861d0b56bc0027b269c2c878e172d0e4fc89-512x512.png
image-eda91bac2d50d11997f7a9066db6f25b54385a9a-2560x1692-webp,2026-01-07T16:12:18Z,2026-01-07T16:12:18Z,EH_WFp028-scaled.webp,webp,image/webp,2560,1692,1.5130023640661938,337400,false,#7f7f7f,#7f7f7f,#7f7f7f,0,,,https://cdn.sanity.io/images/e5fj2khm/production/eda91bac2d50d11997f7a9066db6f25b54385a9a-2560x1692.webp
image-370f14a8a13bd22d12d43db4cf4ef580249332ee-2048x1550-webp,2026-01-08T06:05:50Z,2026-01-08T06:05:50Z,1964 worlds fair.webp,webp,image/webp,2048,1550,1.3212903225806452,541280,false,#bcbcbc,#7f7f7f,#808080,1,releaseNote,1-13-1-new-year-new-polish,https://cdn.sanity.io/images/e5fj2khm/production/370f14a8a13bd22d12d43db4cf4ef580249332ee-2048x1550.webp
image-fa1947ccea89043244da048e461ac04fa7dad692-898x784-png,2026-01-14T15:09:02Z,2026-01-14T15:09:02Z,DiaWeekly_Issue8-Feature5.png,png,image/png,898,784,1.1454081632653061,422911,true,#c4d9df,#48c488,#559e76,2,releaseNote,1-14-0-meeting-tab-groups | lorem-ipsum-dolor-set,https://cdn.sanity.io/images/e5fj2khm/production/fa1947ccea89043244da048e461ac04fa7dad692-898x784.png
image-0e964d0d82973a52868769724ece17d8ae49fc3d-898x784-png,2026-01-15T00:17:49Z,2026-01-15T00:17:49Z,DiaWeekly_Issue8-Feature5-V2.png,png,image/png,898,784,1.1454081632653061,352992,true,#b7c3c6,#4ece96,#569e74,0,,,https://cdn.sanity.io/images/e5fj2khm/production/0e964d0d82973a52868769724ece17d8ae49fc3d-898x784.png
image-67dd02bf0f25498193c0155a928721838269bf9d-654x562-png,2026-01-15T15:25:01Z,2026-01-15T15:25:01Z,3min lieft.png,png,image/png,654,562,1.1637010676156583,286594,true,#c3c8d9,#2166ce,#5ca392,2,releaseNote,1-14-0-meeting-tab-groups | 1-16-0-organization-that-grows,https://cdn.sanity.io/images/e5fj2khm/production/67dd02bf0f25498193c0155a928721838269bf9d-654x562.png
image-e70fbc36b11ada09aaa67a420656dba65437111a-1200x1200-jpg,2026-01-15T15:44:42Z,2026-01-15T15:44:42Z,springsteen-tunnel-front.jpg,jpg,image/jpeg,1200,1200,1,155552,false,#76909d,#538eaf,#76909d,1,releaseNote,1-14-0-meeting-tab-groups,https://cdn.sanity.io/images/e5fj2khm/production/e70fbc36b11ada09aaa67a420656dba65437111a-1200x1200.jpg
image-87577ed7d789a33189064e8bedf11b69134a6f31-316x194-gif,2026-01-21T16:00:09Z,2026-01-21T16:00:09Z,CleanShot 2026-01-07 at 18.54.33.gif,gif,image/gif,316,194,1.6288659793814433,284670,true,#55aceb,#2e71e0,#74896f,0,,,https://cdn.sanity.io/images/e5fj2khm/production/87577ed7d789a33189064e8bedf11b69134a6f31-316x194.gif
image-19607b9e03a8b8c3bf5ef18832c392de30ed1ad3-420x502-png,2026-01-21T16:05:52Z,2026-01-21T16:05:52Z,image (8).png,png,image/png,420,502,0.8366533864541833,113370,true,#303740,#4c2cc9,#75a06d,0,,,https://cdn.sanity.io/images/e5fj2khm/production/19607b9e03a8b8c3bf5ef18832c392de30ed1ad3-420x502.png
image-46e539b12f089e07b5e0bd496555e1038015f654-512x512-png,2026-01-21T22:16:35Z,2026-01-21T22:16:35Z,TMBRUP2KE-U071VP7S6CD-be933df0de12-512.png,png,image/png,512,512,1,350271,false,#96614c,#c47a5b,#96614c,2,releaseNote,1-15-1-polish-galore | lorem-ipsum-dolor-set,https://cdn.sanity.io/images/e5fj2khm/production/46e539b12f089e07b5e0bd496555e1038015f654-512x512.png
image-61abc255daa17d3c2f034d491403288dfe862337-800x800-png,2026-01-22T03:39:40Z,2026-01-22T03:39:40Z,DiaWeekly-Issue9-Feature4-V1.png,png,image/png,800,800,1,338959,true,#94a0b4,#e86c8c,#94a0b4,2,releaseNote,1-15-1-polish-galore | 1-16-0-organization-that-grows,https://cdn.sanity.io/images/e5fj2khm/production/61abc255daa17d3c2f034d491403288dfe862337-800x800.png
image-71a6a69315cc20b622da5eff556e4e5cf365197a-800x800-png,2026-01-22T03:40:03Z,2026-01-22T03:40:03Z,DiaWeekly-Issue9-Feature5-V1.png,png,image/png,800,800,1,337670,true,#f6b65a,#ecc42c,#7f776b,2,releaseNote,1-15-1-polish-galore | lorem-ipsum-dolor-set,https://cdn.sanity.io/images/e5fj2khm/production/71a6a69315cc20b622da5eff556e4e5cf365197a-800x800.png
image-10f3918d1e1f28ca16d308cfd139476ba334c386-4628x3090-png,2026-01-22T07:33:43Z,2026-01-22T07:33:43Z,Share.png,png,image/png,4628,3090,1.4977346278317152,2214592,true,#babfc4,#f3b150,#9c646c,0,,,https://cdn.sanity.io/images/e5fj2khm/production/10f3918d1e1f28ca16d308cfd139476ba334c386-4628x3090.png
image-f91089d58c8a978afd390c18940822ad9b10d77d-4628x3090-png,2026-01-22T07:40:33Z,2026-01-22T07:40:33Z,TahoeShare.png,png,image/png,4628,3090,1.4977346278317152,2422738,true,#757989,#e09f4e,#757989,0,,,https://cdn.sanity.io/images/e5fj2khm/production/f91089d58c8a978afd390c18940822ad9b10d77d-4628x3090.png
image-8231b430b81f4dc135193e7b8e3e3c73005d94a0-4628x3090-png,2026-01-22T15:38:06Z,2026-01-22T15:38:06Z,DiaWeekly-Issue9-Feature6-V1.png,png,image/png,4628,3090,1.4977346278317152,2408713,true,#757989,#e09f4e,#757989,3,releaseNote,1-15-1-polish-galore | lorem-ipsum-dolor-set,https://cdn.sanity.io/images/e5fj2khm/production/8231b430b81f4dc135193e7b8e3e3c73005d94a0-4628x3090.png
image-018311f75098c92c4011ccf82e87548259497515-2048x1365-jpg,2026-01-22T16:15:06Z,2026-01-22T16:15:06Z,V8_Z6GLw.jpg,jpg,image/jpeg,2048,1365,1.5003663003663004,703497,false,#7e9e3a,#7e9e3a,#729b58,1,releaseNote,1-15-1-polish-galore,https://cdn.sanity.io/images/e5fj2khm/production/018311f75098c92c4011ccf82e87548259497515-2048x1365.jpg
image-3c39f588d69e8aa026abecf05f6fdd72a09ee863-512x512-jpg,2026-01-22T16:19:03Z,2026-01-22T16:19:03Z,TMBRUP2KE-U06CUQ8S72Q-d8573cbdf6b3-512.jpg,jpg,image/jpeg,512,512,1,56640,false,#d9c7ab,#d77c3f,#ac735e,2,releaseNote,1-15-1-polish-galore | lorem-ipsum-dolor-set,https://cdn.sanity.io/images/e5fj2khm/production/3c39f588d69e8aa026abecf05f6fdd72a09ee863-512x512.jpg
image-4bb0170e594c49c9d42b63e950ebd9bd94bcc84d-3024x1852-png,2026-01-28T14:47:59Z,2026-01-28T14:47:59Z,image (9).png,png,image/png,3024,1852,1.632829373650108,1440637,true,#ac638b,#6050ef,#ac638b,0,,,https://cdn.sanity.io/images/e5fj2khm/production/4bb0170e594c49c9d42b63e950ebd9bd94bcc84d-3024x1852.png
image-6649fdec921707ab7c9654a0c32b282fb91f51f2-512x512-jpg,2026-01-28T16:04:00Z,2026-01-28T16:04:00Z,TMBRUP2KE-U01BHQB3CV6-d9db2ae94c58-512.jpeg,jpg,image/jpeg,512,512,1,202671,false,#9292fb,#3c3caf,#272771,2,releaseNote,1-16-0-organization-that-grows | 1-38-0-closing-the-week,https://cdn.sanity.io/images/e5fj2khm/production/6649fdec921707ab7c9654a0c32b282fb91f51f2-512x512.jpg
image-6f58fa4fa7feb27143fed3f5c3edd362e23dadb6-1200x800-png,2026-01-28T22:03:33Z,2026-01-28T22:03:33Z,DiaWeekly-Issue10-Feature5-V1.png,png,image/png,1200,800,1.5,552001,true,#3e5ed2,#3e5ed2,#586caa,2,releaseNote,1-16-0-organization-that-grows,https://cdn.sanity.io/images/e5fj2khm/production/6f58fa4fa7feb27143fed3f5c3edd362e23dadb6-1200x800.png
image-eeadf51ce8b38b8f436d0508b8ff23edec3e7545-952x622-png,2026-02-03T16:30:53Z,2026-02-03T16:30:53Z,CleanShot 2026-02-03 at 10.51.42@2x.png,png,image/png,952,622,1.5305466237942122,404254,true,#3d403f,#b48c44,#8d6076,0,,,https://cdn.sanity.io/images/e5fj2khm/production/eeadf51ce8b38b8f436d0508b8ff23edec3e7545-952x622.png
image-c87185d22d05ea62ca08f45e76b129587ec96245-800x800-png,2026-02-04T21:21:45Z,2026-02-04T21:21:45Z,DiaWeekly-Issue11-Feature4-V1.png,png,image/png,800,800,1,384756,true,#c0d0dc,#ea7214,#918061,2,releaseNote,1-17-0-github-live-tab-groups,https://cdn.sanity.io/images/e5fj2khm/production/c87185d22d05ea62ca08f45e76b129587ec96245-800x800.png
image-004cb3a0a312af8be7ff0b550b9ddb906a792a07-800x800-png,2026-02-04T21:22:08Z,2026-02-04T21:22:08Z,DiaWeekly-Issue11-Feature5-V1.png,png,image/png,800,800,1,329674,true,#c9dcf2,#2967df,#90989d,0,,,https://cdn.sanity.io/images/e5fj2khm/production/004cb3a0a312af8be7ff0b550b9ddb906a792a07-800x800.png
image-49dfd5830b0ba85a1e93090366ef95556c48de9e-800x800-png,2026-02-04T21:26:08Z,2026-02-04T21:26:08Z,DiaWeekly-Issue11-Feature5-V1.png,png,image/png,800,800,1,297996,true,#b7c1c8,#d7a041,#435d6f,2,releaseNote,1-17-0-github-live-tab-groups | lorem-ipsum-dolor-set,https://cdn.sanity.io/images/e5fj2khm/production/49dfd5830b0ba85a1e93090366ef95556c48de9e-800x800.png
image-ae6137fca5d3e8990b74034b748b06117ad3572c-192x192-jpg,2026-02-05T06:17:33Z,2026-02-05T06:17:33Z,elizabeth.jpeg,jpg,image/jpeg,192,192,1,15021,false,#c29672,#af8055,#966d50,2,releaseNote,1-17-0-github-live-tab-groups | 1-21-0-before-you-reach-for-it,https://cdn.sanity.io/images/e5fj2khm/production/ae6137fca5d3e8990b74034b748b06117ad3572c-192x192.jpg
image-9b4439899e90ed7df032d15ecaa5765676da3b21-900x506-webp,2026-02-05T06:20:54Z,2026-02-05T06:20:54Z,olympics.webp,webp,image/webp,900,506,1.7786561264822134,37116,false,#2e3542,#3884c8,#6680a4,1,releaseNote,1-17-0-github-live-tab-groups,https://cdn.sanity.io/images/e5fj2khm/production/9b4439899e90ed7df032d15ecaa5765676da3b21-900x506.webp
image-13db1a97c3e8edbb3f60e14144875f10ea649671-1036x1490-png,2026-02-12T14:58:05Z,2026-02-12T14:58:05Z,Screenshot 2026-02-12 at 9.57.50 AM.png,png,image/png,1036,1490,0.6953020134228188,2086736,true,#47473b,#937e3d,#877f70,0,,,https://cdn.sanity.io/images/e5fj2khm/production/13db1a97c3e8edbb3f60e14144875f10ea649671-1036x1490.png
image-752679afb0e78d800c2a11f99975629b003a03ea-2022x1026-png,2026-02-12T15:30:09Z,2026-02-12T15:30:09Z,DiaWeekly_Issue12-Feature-4-V1.png,png,image/png,2022,1026,1.9707602339181287,1115552,true,#b4d6c3,#34ac3c,#5faa94,0,,,https://cdn.sanity.io/images/e5fj2khm/production/752679afb0e78d800c2a11f99975629b003a03ea-2022x1026.png
image-c7363737b9bf3b54ef0599eb4d786e98f5e1032e-1800x1200-png,2026-02-12T15:42:07Z,2026-02-12T15:42:07Z,DiaWeekly-Issue12-Feature6-V1.png,png,image/png,1800,1200,1.5,1761237,true,#bcc0a7,#c3b13b,#857b6e,2,releaseNote,1-18-1-your-setup-your-way | lorem-ipsum-dolor-set,https://cdn.sanity.io/images/e5fj2khm/production/c7363737b9bf3b54ef0599eb4d786e98f5e1032e-1800x1200.png
image-5156ce349f70c5dc8235d1d85b2962f71a040270-1800x1200-png,2026-02-12T15:42:56Z,2026-02-12T15:42:56Z,DiaWeekly-Issue12-Feature5-V1.png,png,image/png,1800,1200,1.5,792908,true,#5ea993,#0ca43c,#5ea993,2,releaseNote,1-18-1-your-setup-your-way,https://cdn.sanity.io/images/e5fj2khm/production/5156ce349f70c5dc8235d1d85b2962f71a040270-1800x1200.png
image-d6679dfc30d57bc4637ae87d513a602fe726bc82-3024x4032-jpg,2026-02-12T15:43:25Z,2026-02-12T15:43:25Z,Image from iOS.jpg,jpg,image/jpeg,3024,4032,0.75,1454347,false,#c3d6db,#309ccc,#6076a4,2,releaseNote,1-18-1-your-setup-your-way | 1-32-0-outside-work,https://cdn.sanity.io/images/e5fj2khm/production/d6679dfc30d57bc4637ae87d513a602fe726bc82-3024x4032.jpg
image-383eb9c1b1b3ba447b47b763f7e14c7857ad918c-800x800-png,2026-02-12T16:32:58Z,2026-02-12T16:32:58Z,Book.png,png,image/png,800,800,1,424583,true,#dcd8b6,#c79c2f,#837d60,0,,,https://cdn.sanity.io/images/e5fj2khm/production/383eb9c1b1b3ba447b47b763f7e14c7857ad918c-800x800.png
image-c58fc1538f4c8ad392d63768c1b30487a8471631-800x800-png,2026-02-12T16:33:19Z,2026-02-12T16:33:19Z,Book.png,png,image/png,800,800,1,424872,true,#8c8566,#b48d1b,#8c8566,1,releaseNote,1-18-1-your-setup-your-way,https://cdn.sanity.io/images/e5fj2khm/production/c58fc1538f4c8ad392d63768c1b30487a8471631-800x800.png
image-d4e1309392393488e1b66dfae0dd101b7112f350-1222x732-png,2026-02-18T23:27:44Z,2026-02-18T23:27:44Z,Screenshot 2026-02-18 at 5.27.26 PM.png,png,image/png,1222,732,1.669398907103825,243598,true,#395699,#54acfc,#847c8c,1,releaseNote,1-19-0-tab-groups-and-proactive-suggestions,https://cdn.sanity.io/images/e5fj2khm/production/d4e1309392393488e1b66dfae0dd101b7112f350-1222x732.png
image-0bbd91757d24cb9ca48250fa28a729f1e53ee2e2-5760x3612-png,2026-02-18T23:39:59Z,2026-02-18T23:39:59Z,DiaWeekly_Issue13-Feature4-V1.png,png,image/png,5760,3612,1.5946843853820598,1546011,true,#7c8dde,#7c8dde,#7c846c,0,,,https://cdn.sanity.io/images/e5fj2khm/production/0bbd91757d24cb9ca48250fa28a729f1e53ee2e2-5760x3612.png
image-09308d469c1dfe81ff95f609a8d5cd5896d97df8-2700x1800-png,2026-02-18T23:41:12Z,2026-02-18T23:41:12Z,DiaWeekly_Issue13-Feature3-V1.png,png,image/png,2700,1800,1.5,3241138,true,#eaebec,#14ccea,#9d9a54,2,releaseNote,1-19-0-tab-groups-and-proactive-suggestions | lorem-ipsum-dolor-set,https://cdn.sanity.io/images/e5fj2khm/production/09308d469c1dfe81ff95f609a8d5cd5896d97df8-2700x1800.png
image-f0f6374f01de2fb6f3e99776a270dce689dff7be-1476x1286-png,2026-02-18T23:43:35Z,2026-02-18T23:43:35Z,DiaWeekly_Issue13-Feature5-V1.png,png,image/png,1476,1286,1.1477449455676516,1180537,true,#b5705f,#f96023,#b5705f,3,releaseNote,1-19-0-tab-groups-and-proactive-suggestions | lorem-ipsum-dolor-set | 1-22-0-dont-think,https://cdn.sanity.io/images/e5fj2khm/production/f0f6374f01de2fb6f3e99776a270dce689dff7be-1476x1286.png
image-ad3113a028851dc84ffb13bdbc526d6e3d5e03a7-1800x1800-png,2026-02-19T01:41:09Z,2026-02-19T01:41:09Z,DiaWeekly_Issue13-Feature7-V1.png,png,image/png,1800,1800,1,341680,true,#c1c1c6,#3232cc,#747c84,1,releaseNote,lorem-ipsum-dolor-set,https://cdn.sanity.io/images/e5fj2khm/production/ad3113a028851dc84ffb13bdbc526d6e3d5e03a7-1800x1800.png
image-22f487e4b912eb23c733788b4171963c9e6bfab4-2064x1800-png,2026-02-19T01:43:35Z,2026-02-19T01:43:35Z,DiaWeekly_Issue13-Feature7-V1.png,png,image/png,2064,1800,1.1466666666666667,340194,true,#f3f3fc,#3232cc,#747c84,1,releaseNote,1-19-0-tab-groups-and-proactive-suggestions,https://cdn.sanity.io/images/e5fj2khm/production/22f487e4b912eb23c733788b4171963c9e6bfab4-2064x1800.png
image-31c6cfd2ff410e9eeb09634d1255e35322dab961-3024x4032-jpg,2026-02-19T04:05:24Z,2026-02-19T04:05:24Z,IMG_5943-preview.jpg,jpg,image/jpeg,3024,4032,0.75,2907068,false,#523029,#fc3c64,#a98668,1,releaseNote,1-19-0-tab-groups-and-proactive-suggestions,https://cdn.sanity.io/images/e5fj2khm/production/31c6cfd2ff410e9eeb09634d1255e35322dab961-3024x4032.jpg
image-5a6402ce8bb80ad565a1b461245ea76995ceb00c-2292x1536-jpg,2026-02-19T04:07:39Z,2026-02-19T04:07:39Z,IMG_2161.JPG,jpg,image/jpeg,2292,1536,1.4921875,1358903,false,#c9bcaf,#3c9464,#858069,1,releaseNote,1-19-0-tab-groups-and-proactive-suggestions,https://cdn.sanity.io/images/e5fj2khm/production/5a6402ce8bb80ad565a1b461245ea76995ceb00c-2292x1536.jpg
image-a18006b24a238de61facc35f2043d1f707beeb8f-774x758-png,2026-02-25T19:22:55Z,2026-02-25T19:22:55Z,Screenshot 2026-02-25 at 2.22.43 PM.png,png,image/png,774,758,1.0211081794195251,12585,true,#2c34fc,#2c34fc,#020796,2,releaseNote,1-20-0-little-moments-big-feeling | 1-21-0-before-you-reach-for-it,https://cdn.sanity.io/images/e5fj2khm/production/a18006b24a238de61facc35f2043d1f707beeb8f-774x758.png
image-aa1ebcc2aca3746938b1407942dc42540aea5ec9-460x458-png,2026-02-25T19:23:57Z,2026-02-25T19:23:57Z,Screenshot 2026-02-25 at 2.23.44 PM.png,png,image/png,460,458,1.0043668122270741,293916,true,#75a7ac,#b35132,#75a7ac,1,releaseNote,1-20-0-little-moments-big-feeling,https://cdn.sanity.io/images/e5fj2khm/production/aa1ebcc2aca3746938b1407942dc42540aea5ec9-460x458.png
image-eaab319ff803ae8bf2c97e6845a188e085782a26-2534x1322-png,2026-02-25T19:33:30Z,2026-02-25T19:33:30Z,Screenshot 2026-02-25 at 2.33.15 PM.png,png,image/png,2534,1322,1.9167927382753405,1382584,true,#cdc2b0,#3f7bc8,#899559,1,releaseNote,1-20-0-little-moments-big-feeling,https://cdn.sanity.io/images/e5fj2khm/production/eaab319ff803ae8bf2c97e6845a188e085782a26-2534x1322.png
image-1573bb536e39c579201cbc00b80864007e464456-71x71-png,2026-03-04T17:20:35Z,2026-03-04T17:20:35Z,dia-logo.png,png,image/png,71,71,1,5038,true,#6d87af,#de7e44,#6d87af,1,releaseNotesBanner,releaseNotesBanner,https://cdn.sanity.io/images/e5fj2khm/production/1573bb536e39c579201cbc00b80864007e464456-71x71.png
image-81cc36b8a18d4ec26c59afed5ec0391026689ca3-490x500-png,2026-03-04T21:53:10Z,2026-03-04T21:53:10Z,Screenshot 2026-03-04 at 4.52.55 PM.png,png,image/png,490,500,0.98,476130,true,#4c4a3b,#b44244,#9c8c64,1,releaseNote,1-21-0-before-you-reach-for-it,https://cdn.sanity.io/images/e5fj2khm/production/81cc36b8a18d4ec26c59afed5ec0391026689ca3-490x500.png
image-299f6f70ba936fc61250c7b3ec1759b167cad559-1856x1388-png,2026-03-04T21:57:03Z,2026-03-04T21:57:03Z,Screenshot 2026-03-04 at 4.56.50 PM.png,png,image/png,1856,1388,1.3371757925072045,1770541,true,#2e4278,#2e4278,#9f8d53,1,releaseNote,1-21-0-before-you-reach-for-it,https://cdn.sanity.io/images/e5fj2khm/production/299f6f70ba936fc61250c7b3ec1759b167cad559-1856x1388.png
image-d4a3ce305a3129018d6b80f2624f9ddbdac64bda-494x498-png,2026-03-04T22:00:06Z,2026-03-04T22:00:06Z,Screenshot 2026-03-04 at 4.59.53 PM.png,png,image/png,494,498,0.9919678714859438,326341,true,#b7b5b6,#817d7f,#848484,1,releaseNote,1-21-0-before-you-reach-for-it,https://cdn.sanity.io/images/e5fj2khm/production/d4a3ce305a3129018d6b80f2624f9ddbdac64bda-494x498.png
image-b94bbf51ebdc751dad3b065a5c065fc16784f449-1390x1094-png,2026-03-04T22:21:10Z,2026-03-04T22:21:10Z,DiaWeekly_Issue15-Feature8-V1.png,png,image/png,1390,1094,1.270566727605119,913875,true,#ccd0ba,#2974d5,#6c947b,1,releaseNote,1-21-0-before-you-reach-for-it,https://cdn.sanity.io/images/e5fj2khm/production/b94bbf51ebdc751dad3b065a5c065fc16784f449-1390x1094.png
image-49b2f097663941b78d035838ab467841c5aee62a-1288x906-png,2026-03-04T22:39:46Z,2026-03-04T22:39:46Z,Screenshot 2026-03-04 at 5.39.26 PM.png,png,image/png,1288,906,1.4216335540838851,1566362,true,#928777,#ce3c75,#928777,1,releaseNote,1-21-0-before-you-reach-for-it,https://cdn.sanity.io/images/e5fj2khm/production/49b2f097663941b78d035838ab467841c5aee62a-1288x906.png
image-95fdb837c4b4009da59013b074d1bf3943d431d5-1884x1038-png,2026-03-06T18:50:14Z,2026-03-06T18:50:14Z,Product.png,png,image/png,1884,1038,1.8150289017341041,1156873,true,#bcc4cc,#2f7dbb,#7894a8,0,,,https://cdn.sanity.io/images/e5fj2khm/production/95fdb837c4b4009da59013b074d1bf3943d431d5-1884x1038.png
image-b7717ca7c7f8a2bdb1442281c3442e1493ac0722-3024x4032-jpg,2026-03-09T15:56:14Z,2026-03-09T15:56:14Z,IMG_8008.jpeg,jpg,image/jpeg,3024,4032,0.75,2282036,false,#b48262,#9f522d,#b48262,1,releaseNote,1-22-0-dont-think,https://cdn.sanity.io/images/e5fj2khm/production/b7717ca7c7f8a2bdb1442281c3442e1493ac0722-3024x4032.jpg
image-5f49ed7e9673c2bb820bb729c012382d61200801-1100x1100-jpg,2026-03-09T15:57:13Z,2026-03-09T15:57:13Z,unnamed-2.jpg,jpg,image/jpeg,1100,1100,1,177794,false,#737373,#8a748a,#737373,1,releaseNote,1-22-0-dont-think,https://cdn.sanity.io/images/e5fj2khm/production/5f49ed7e9673c2bb820bb729c012382d61200801-1100x1100.jpg
image-8627ab2a3505bdfc258dad893605f7fb7bb4a751-2700x1800-png,2026-03-09T16:37:06Z,2026-03-09T16:37:06Z,DiaWeekly_Issue16-Feature-1-V1.png,png,image/png,2700,1800,1.5,4106016,true,#978767,#978767,#788cac,1,releaseNote,1-22-0-dont-think,https://cdn.sanity.io/images/e5fj2khm/production/8627ab2a3505bdfc258dad893605f7fb7bb4a751-2700x1800.png
image-36387f1a5b4fb2daf877183a356fb3ac09d25e54-1200x900-png,2026-03-09T16:37:35Z,2026-03-09T16:37:35Z,DiaWeekly_Issue16-Feature-2-V1.png,png,image/png,1200,900,1.3333333333333333,457430,true,#bbb9b5,#84817a,#948169,0,,,https://cdn.sanity.io/images/e5fj2khm/production/36387f1a5b4fb2daf877183a356fb3ac09d25e54-1200x900.png
image-9a20781957c90de250e9922470b41fab796b64f4-1200x900-png,2026-03-09T16:38:06Z,2026-03-09T16:38:06Z,DiaWeekly_Issue16-Feature-3-V1.png,png,image/png,1200,900,1.3333333333333333,382037,true,#6e82b8,#d45c51,#6e82b8,0,,,https://cdn.sanity.io/images/e5fj2khm/production/9a20781957c90de250e9922470b41fab796b64f4-1200x900.png
image-33bf9aff27a41d101745fee693f81c77db6c1962-1200x900-png,2026-03-09T16:38:21Z,2026-03-09T16:38:21Z,DiaWeekly_Issue16-Feature-4-V1.png,png,image/png,1200,900,1.3333333333333333,327289,true,#cec2a2,#5d7ab4,#968c6c,0,,,https://cdn.sanity.io/images/e5fj2khm/production/33bf9aff27a41d101745fee693f81c77db6c1962-1200x900.png
image-18bac02a53d6be529656c25f9c6ca1f289b97e87-1200x900-png,2026-03-09T16:38:35Z,2026-03-09T16:38:35Z,DiaWeekly_Issue16-Feature-6-V1.png,png,image/png,1200,900,1.3333333333333333,416055,true,#474838,#7fa7c7,#708399,0,,,https://cdn.sanity.io/images/e5fj2khm/production/18bac02a53d6be529656c25f9c6ca1f289b97e87-1200x900.png
image-ed5ce310e51013ae3e0c6a62719cd2010337ab35-900x900-png,2026-03-09T16:41:52Z,2026-03-09T16:41:52Z,DiaWeekly_Issue16-Feature-7-V1.png,png,image/png,900,900,1,316267,true,#9f8f6c,#b38e4b,#9f8f6c,0,,,https://cdn.sanity.io/images/e5fj2khm/production/ed5ce310e51013ae3e0c6a62719cd2010337ab35-900x900.png
image-e94fd2f121218c8ec8935b2149dbdaf64b8a2b6d-900x900-png,2026-03-09T16:42:06Z,2026-03-09T16:42:06Z,DiaWeekly_Issue16-Feature-8-V1.png,png,image/png,900,900,1,359826,true,#a18f6b,#ccb68f,#a18f6b,1,releaseNote,1-22-0-dont-think,https://cdn.sanity.io/images/e5fj2khm/production/e94fd2f121218c8ec8935b2149dbdaf64b8a2b6d-900x900.png
image-6b50945923db7eea83d4055eae20f46a07de410e-1200x900-png,2026-03-09T19:02:13Z,2026-03-09T19:02:13Z,DiaWeekly_Issue16-Feature-2-V2.png,png,image/png,1200,900,1.3333333333333333,749671,true,#527896,#ce985e,#527896,0,,,https://cdn.sanity.io/images/e5fj2khm/production/6b50945923db7eea83d4055eae20f46a07de410e-1200x900.png
image-2ee159a0b28643748e4491f48697723907128367-1200x900-png,2026-03-09T19:02:33Z,2026-03-09T19:02:33Z,DiaWeekly_Issue16-Feature-3-V2.png,png,image/png,1200,900,1.3333333333333333,258672,true,#cc342c,#cc342c,#b9766f,0,,,https://cdn.sanity.io/images/e5fj2khm/production/2ee159a0b28643748e4491f48697723907128367-1200x900.png
image-34cd5750a29c615dcdb562b335ac69d23fdbac1e-1200x900-png,2026-03-09T19:03:35Z,2026-03-09T19:03:35Z,DiaWeekly_Issue16-Feature-2-V2.png,png,image/png,1200,900,1.3333333333333333,749857,true,#527896,#ce985e,#527896,1,releaseNote,1-22-0-dont-think,https://cdn.sanity.io/images/e5fj2khm/production/34cd5750a29c615dcdb562b335ac69d23fdbac1e-1200x900.png
image-daa11209813d15ec38f1db7f76a6a4c6729261cc-1200x900-png,2026-03-09T19:03:45Z,2026-03-09T19:03:45Z,DiaWeekly_Issue16-Feature-3-V2.png,png,image/png,1200,900,1.3333333333333333,258627,true,#cc342c,#cc342c,#b8776f,1,releaseNote,1-22-0-dont-think,https://cdn.sanity.io/images/e5fj2khm/production/daa11209813d15ec38f1db7f76a6a4c6729261cc-1200x900.png
image-acab51a74d32ddccd1fac710c97240acad6b42ec-1200x900-png,2026-03-09T19:03:58Z,2026-03-09T19:03:58Z,DiaWeekly_Issue16-Feature-5-V2.png,png,image/png,1200,900,1.3333333333333333,197984,true,#413d3c,#0942f5,#8e8b89,1,releaseNote,1-22-0-dont-think,https://cdn.sanity.io/images/e5fj2khm/production/acab51a74d32ddccd1fac710c97240acad6b42ec-1200x900.png
image-c93f2f533ebd41e56da45a67912eaec0337602b6-2486x1970-png,2026-03-18T22:13:23Z,2026-03-18T22:13:23Z,Screenshot 2026-03-18 at 6.12.17 PM.png,png,image/png,2486,1970,1.2619289340101523,2288828,true,#84aae1,#5c84c8,#a95f80,1,releaseNote,1-23-0-from-review-to-merge-to-whats-next,https://cdn.sanity.io/images/e5fj2khm/production/c93f2f533ebd41e56da45a67912eaec0337602b6-2486x1970.png
image-e166c72caab2dd494434480c910cb7dfbcd3bc5f-4032x3024-jpg,2026-03-19T14:00:39Z,2026-03-19T14:00:39Z,IMG_1562 (1).JPG,jpg,image/jpeg,4032,3024,1.3333333333333333,3162820,false,#9ca460,#5188d8,#9ca460,1,releaseNote,1-23-0-from-review-to-merge-to-whats-next,https://cdn.sanity.io/images/e5fj2khm/production/e166c72caab2dd494434480c910cb7dfbcd3bc5f-4032x3024.jpg
image-afdc522788df535f858d6f1a698759de97f02cc4-500x506-png,2026-03-19T14:01:47Z,2026-03-19T14:01:47Z,Screenshot 2026-03-19 at 10.01.35 AM.png,png,image/png,500,506,0.9881422924901185,514232,true,#3c7cbd,#3c7cbd,#905f5a,1,releaseNote,1-23-0-from-review-to-merge-to-whats-next,https://cdn.sanity.io/images/e5fj2khm/production/afdc522788df535f858d6f1a698759de97f02cc4-500x506.png
image-3f183b9e25bb04c8d9fe173eb5ef8bf63bb11ca0-1920x1080-png,2026-03-20T01:02:10Z,2026-03-20T01:02:10Z,coffee-still.png,png,image/png,1920,1080,1.7777777777777777,3199563,true,#51392c,#84533d,#a7795a,1,startPage,startPage,https://cdn.sanity.io/images/e5fj2khm/production/3f183b9e25bb04c8d9fe173eb5ef8bf63bb11ca0-1920x1080.png
image-6b427c98ca4ec647e5d3de97b0a247a6170e92eb-3200x1800-png,2026-03-23T17:12:48Z,2026-03-23T17:12:48Z,film-still.png,png,image/png,3200,1800,1.7777777777777777,33196836,true,#a87351,#915e3c,#a87351,1,startPage,startPage,https://cdn.sanity.io/images/e5fj2khm/production/6b427c98ca4ec647e5d3de97b0a247a6170e92eb-3200x1800.png
image-6d866248fec84a19ee9f732c4d56f029f87a5aac-746x658-png,2026-03-24T20:05:09Z,2026-03-24T20:05:09Z,CleanShot 2026-03-13 at 15.38.28@2x.png,png,image/png,746,658,1.1337386018237081,204436,true,#dfba38,#dfba38,#a45470,0,,,https://cdn.sanity.io/images/e5fj2khm/production/6d866248fec84a19ee9f732c4d56f029f87a5aac-746x658.png
image-4f69ff3c1982c9d3d100209cf169e488f2be475a-510x502-png,2026-03-24T20:24:02Z,2026-03-24T20:24:02Z,Screenshot 2026-03-24 at 4.23.48 PM.png,png,image/png,510,502,1.0159362549800797,493484,true,#b2bad3,#4474b4,#976a60,3,releaseNote,1-24-0-dia-got-faster | 1-36-0-pip-stash,https://cdn.sanity.io/images/e5fj2khm/production/4f69ff3c1982c9d3d100209cf169e488f2be475a-510x502.png
image-422873dfdda0fbdb446ea6c16b6e6618e7eab327-3456x2234-png,2026-03-24T20:26:41Z,2026-03-24T20:26:41Z,Screenshot 2026-03-19 at 10.01.28 AM.png,png,image/png,3456,2234,1.5470008952551477,5908041,true,#443d3b,#e0464f,#b39b73,0,,,https://cdn.sanity.io/images/e5fj2khm/production/422873dfdda0fbdb446ea6c16b6e6618e7eab327-3456x2234.png
image-540c0f3a5c69c9377656c844783b7e3098aee058-1202x786-png,2026-03-25T17:12:56Z,2026-03-25T17:12:56Z,Screenshot 2026-03-25 at 1.10.58 PM.png,png,image/png,1202,786,1.529262086513995,137064,true,#babdbe,#4eb8fc,#548cac,1,releaseNote,1-24-0-dia-got-faster,https://cdn.sanity.io/images/e5fj2khm/production/540c0f3a5c69c9377656c844783b7e3098aee058-1202x786.png
image-95a911aaf8ca67b59abc5f6a562429d9957e0dd8-1202x442-png,2026-03-25T17:18:38Z,2026-03-25T17:18:38Z,Screenshot 2026-03-25 at 1.16.00 PM.png,png,image/png,1202,442,2.7194570135746607,78946,true,#babbbd,#3590ce,#6692ac,1,releaseNote,1-24-0-dia-got-faster,https://cdn.sanity.io/images/e5fj2khm/production/95a911aaf8ca67b59abc5f6a562429d9957e0dd8-1202x442.png
image-90e63c008156c8db80c33d0754ca264682c1b8f2-488x498-png,2026-03-25T19:03:31Z,2026-03-25T19:03:31Z,Screenshot 2026-03-25 at 3.03.19 PM.png,png,image/png,488,498,0.9799196787148594,325269,true,#a7826d,#c59881,#a7826d,0,,,https://cdn.sanity.io/images/e5fj2khm/production/90e63c008156c8db80c33d0754ca264682c1b8f2-488x498.png
image-388339d9fe6150e6b37152038509b4dc8ccb9184-478x488-png,2026-03-25T19:05:25Z,2026-03-25T19:05:25Z,Screenshot 2026-03-25 at 3.04.36 PM.png,png,image/png,478,488,0.9795081967213115,344516,true,#b6beca,#9cbd41,#5e7996,1,releaseNote,1-24-0-dia-got-faster,https://cdn.sanity.io/images/e5fj2khm/production/388339d9fe6150e6b37152038509b4dc8ccb9184-478x488.png
image-030f5e33615c337543e4637680b2f294b2c09879-1200x800-png,2026-03-25T19:49:47Z,2026-03-25T19:49:47Z,DIAWeekly_Issue18-1.png,png,image/png,1200,800,1.5,315150,true,#fcec44,#fcec44,#b3ab6d,1,releaseNote,1-24-0-dia-got-faster,https://cdn.sanity.io/images/e5fj2khm/production/030f5e33615c337543e4637680b2f294b2c09879-1200x800.png
image-64db6ed1fff0a6875fa2b72cd9d003f5150cbfc8-678x853-png,2026-03-25T20:16:27Z,2026-03-25T20:16:27Z,image (3).png,png,image/png,678,853,0.794841735052755,499737,false,#c9c9c9,#7f7f7f,#7c7c7c,1,releaseNote,1-24-0-dia-got-faster,https://cdn.sanity.io/images/e5fj2khm/production/64db6ed1fff0a6875fa2b72cd9d003f5150cbfc8-678x853.png
image-0ecd8e06542a410aa74af2ab45405fe56b6837d0-1652x920-png,2026-03-25T20:26:04Z,2026-03-25T20:26:04Z,Screenshot 2026-03-25 at 4.25.46 PM.png,png,image/png,1652,920,1.7956521739130435,673235,true,#fccc7b,#fbbf59,#955f03,1,releaseNote,1-24-0-dia-got-faster,https://cdn.sanity.io/images/e5fj2khm/production/0ecd8e06542a410aa74af2ab45405fe56b6837d0-1652x920.png
image-a10a944a0564fcfd3f910df353baf33fd90aefc9-496x500-png,2026-03-26T14:21:33Z,2026-03-26T14:21:33Z,Screenshot 2026-03-26 at 10.21.21 AM.png,png,image/png,496,500,0.992,422997,true,#d4ccbf,#ac3838,#96746b,2,releaseNote,1-24-0-dia-got-faster | 1-32-0-outside-work,https://cdn.sanity.io/images/e5fj2khm/production/a10a944a0564fcfd3f910df353baf33fd90aefc9-496x500.png
image-8ef8845e32516525a90d3b86aecd4ac023a7d622-1000x1481-png,2026-03-26T14:22:53Z,2026-03-26T14:22:53Z,image (5).png,png,image/png,1000,1481,0.675219446320054,1701072,false,#f0c8d6,#b14d6a,#a46c82,1,releaseNote,1-24-0-dia-got-faster,https://cdn.sanity.io/images/e5fj2khm/production/8ef8845e32516525a90d3b86aecd4ac023a7d622-1000x1481.png
image-4e0f44809c56f1572138893271c815ad9fb452f8-1624x1510-png,2026-04-01T14:34:22Z,2026-04-01T14:34:22Z,Screenshot 2026-04-01 at 10.34.05 AM.png,png,image/png,1624,1510,1.0754966887417219,1356708,true,#cec2b8,#9e7448,#af9373,0,,,https://cdn.sanity.io/images/e5fj2khm/production/4e0f44809c56f1572138893271c815ad9fb452f8-1624x1510.png
image-39b67cdd585cd7fb392fb0e65b1ae4a85b60380f-1516x1594-png,2026-04-01T14:42:08Z,2026-04-01T14:42:08Z,Screenshot 2026-03-31 at 1.53.58 PM.png,png,image/png,1516,1594,0.9510664993726474,400683,true,#040911,#43ca74,#a66850,0,,,https://cdn.sanity.io/images/e5fj2khm/production/39b67cdd585cd7fb392fb0e65b1ae4a85b60380f-1516x1594.png
image-b496965ce6d61b69ab80d759feee757d4e4a1db9-916x962-png,2026-04-01T15:15:25Z,2026-04-01T15:15:25Z,Screenshot 2026-04-01 at 11.15.10 AM.png,png,image/png,916,962,0.9521829521829522,390052,true,#dfd1be,#2d4ad2,#947d58,0,,,https://cdn.sanity.io/images/e5fj2khm/production/b496965ce6d61b69ab80d759feee757d4e4a1db9-916x962.png
image-0a7d324ef3bd2eddf8c1d43a0fd0eaee0a07e15b-1612x1204-png,2026-04-01T21:37:06Z,2026-04-01T21:37:06Z,CleanShot 2026-04-01 at 17.36.11@2x.png,png,image/png,1612,1204,1.3388704318936877,869820,true,#a68e71,#b68c54,#a68e71,2,releaseNote,1-25-0-details-that-delight,https://cdn.sanity.io/images/e5fj2khm/production/0a7d324ef3bd2eddf8c1d43a0fd0eaee0a07e15b-1612x1204.png
image-35d3c1c2d46f68eb6cbdd87efe230b5ef9412887-884x980-png,2026-04-01T23:38:12Z,2026-04-01T23:38:12Z,Headshot.png,png,image/png,884,980,0.9020408163265307,521778,true,#acacac,#7f7f7f,#848484,1,releaseNote,1-25-0-details-that-delight,https://cdn.sanity.io/images/e5fj2khm/production/35d3c1c2d46f68eb6cbdd87efe230b5ef9412887-884x980.png
image-bae6791b5f3df1e65a61762e3b0f4b7a691a4705-2048x1536-jpg,2026-04-01T23:39:57Z,2026-04-01T23:39:57Z,att.Q5bBGRShpnd2kojl2EBrkHini2aWViCzg3h6631IRKo.jpg,jpg,image/jpeg,2048,1536,1.3333333333333333,188746,false,#876853,#3c61b1,#876853,1,releaseNote,1-25-0-details-that-delight,https://cdn.sanity.io/images/e5fj2khm/production/bae6791b5f3df1e65a61762e3b0f4b7a691a4705-2048x1536.jpg
image-9fda472c609ecd34c2f876b60852c536cdaa862f-500x498-png,2026-04-07T20:53:20Z,2026-04-07T20:53:20Z,CleanShot 2026-04-07 at 16.53.01@2x.png,png,image/png,500,498,1.0040160642570282,576371,true,#d1b667,#d1b667,#a06a6b,0,,,https://cdn.sanity.io/images/e5fj2khm/production/9fda472c609ecd34c2f876b60852c536cdaa862f-500x498.png
image-e330ad3debb8a83270e71ad45704ca436fe944e6-960x960-png,2026-04-07T20:57:20Z,2026-04-07T20:57:20Z,cleanshot-luan_2026-04-07_13.56.12@2x.png,png,image/png,960,960,1,1757225,true,#98c9f2,#3c86be,#4e6fa0,1,releaseNote,1-26-0-sync-is-here,https://cdn.sanity.io/images/e5fj2khm/production/e330ad3debb8a83270e71ad45704ca436fe944e6-960x960.png
image-59ff0087a01bd941bc335c007a377ca940003638-1100x800-png,2026-04-08T16:29:58Z,2026-04-08T16:29:58Z,DIAWeekly_Issue20-1-V1.png,png,image/png,1100,800,1.375,923095,true,#58573b,#bd6940,#9e6458,2,releaseNote,1-26-0-sync-is-here,https://cdn.sanity.io/images/e5fj2khm/production/59ff0087a01bd941bc335c007a377ca940003638-1100x800.png
image-f4b166d5bbdb09e789bbc6d39557bb0497cd9192-1100x800-png,2026-04-08T16:31:21Z,2026-04-08T16:31:21Z,DIAWeekly_Issue20-2-V1.png,png,image/png,1100,800,1.375,673578,true,#ac0b0e,#e02032,#a8634f,1,releaseNote,1-26-0-sync-is-here,https://cdn.sanity.io/images/e5fj2khm/production/f4b166d5bbdb09e789bbc6d39557bb0497cd9192-1100x800.png
image-f3cfbb9da4aa6aa45bd2a3306f159c836d4d912c-1100x800-png,2026-04-08T16:32:18Z,2026-04-08T16:32:18Z,DIAWeekly_Issue20-3-V1.png,png,image/png,1100,800,1.375,447659,true,#79a9d3,#79a9d3,#54849c,1,releaseNote,1-26-0-sync-is-here,https://cdn.sanity.io/images/e5fj2khm/production/f3cfbb9da4aa6aa45bd2a3306f159c836d4d912c-1100x800.png
image-f12143ca544c496204a3733960c787a658fc03ce-1100x800-png,2026-04-08T18:00:57Z,2026-04-08T18:00:57Z,image (7).png,png,image/png,1100,800,1.375,762388,true,#8fb831,#8fb831,#80857c,1,releaseNote,1-26-0-sync-is-here,https://cdn.sanity.io/images/e5fj2khm/production/f12143ca544c496204a3733960c787a658fc03ce-1100x800.png
image-da9353ffa7e948ff661cbf8df37aa98275684782-691x3206-jpg,2026-04-08T20:09:50Z,2026-04-08T20:09:50Z,V.jpg,jpg,image/jpeg,691,3206,0.2155333749220212,417334,false,#dcd8d1,#df9f1f,#8d8176,0,,,https://cdn.sanity.io/images/e5fj2khm/production/da9353ffa7e948ff661cbf8df37aa98275684782-691x3206.jpg
image-bd4e92138780b748f63ad0fd3d9a41eb02da86bd-1080x1676-png,2026-04-08T20:19:41Z,2026-04-08T20:19:41Z,CleanShot 2026-04-08 at 16.18.58@2x.png,png,image/png,1080,1676,0.6443914081145584,1380320,true,#434343,#7f7f7f,#7c7c7c,1,releaseNote,1-26-0-sync-is-here,https://cdn.sanity.io/images/e5fj2khm/production/bd4e92138780b748f63ad0fd3d9a41eb02da86bd-1080x1676.png
image-b0bdfaae96745615f310c892ddc3f3f0203536e6-626x794-jpg,2026-04-08T20:34:59Z,2026-04-08T20:34:59Z,V (1).jpg,jpg,image/jpeg,626,794,0.7884130982367759,81870,false,#513f35,#e1961e,#8c7b6a,1,releaseNote,1-26-0-sync-is-here,https://cdn.sanity.io/images/e5fj2khm/production/b0bdfaae96745615f310c892ddc3f3f0203536e6-626x794.jpg
image-ccf27c61ebf93c868479163539caabdf1883aaa6-518x580-png,2026-04-15T17:34:18Z,2026-04-15T17:34:18Z,Screenshot 2026-03-30 at 3.29.48 PM.png,png,image/png,518,580,0.8931034482758621,304401,true,#86848a,#4b80e2,#86848a,0,,,https://cdn.sanity.io/images/e5fj2khm/production/ccf27c61ebf93c868479163539caabdf1883aaa6-518x580.png
image-bc043be8493d64dd94bbf1fafc15fde1b999a80c-1154x538-png,2026-04-15T17:58:48Z,2026-04-15T17:58:48Z,CleanShot 2026-04-15 at 13.58.12@2x.png,png,image/png,1154,538,2.1449814126394053,347833,true,#4c5061,#0793f7,#5e84a8,0,,,https://cdn.sanity.io/images/e5fj2khm/production/bc043be8493d64dd94bbf1fafc15fde1b999a80c-1154x538.png
image-d4e4c4cbf8722f648287f2281a78e087e907259a-1388x1060-png,2026-04-15T19:55:58Z,2026-04-15T19:55:58Z,CleanShot 2026-04-15 at 15.54.26@2x.png,png,image/png,1388,1060,1.3094339622641509,855261,true,#828282,#b5bb41,#828282,0,,,https://cdn.sanity.io/images/e5fj2khm/production/d4e4c4cbf8722f648287f2281a78e087e907259a-1388x1060.png
image-04339be459be02e674c0a0ea38de602ab5080951-1186x734-png,2026-04-15T20:01:20Z,2026-04-15T20:01:20Z,CleanShot 2026-04-15 at 16.00.28@2x.png,png,image/png,1186,734,1.6158038147138964,514997,true,#4f6341,#095ca5,#8d5052,0,,,https://cdn.sanity.io/images/e5fj2khm/production/04339be459be02e674c0a0ea38de602ab5080951-1186x734.png
image-1ce371d9424f3025722e0d0a99a317ce7b3f9bfb-1120x1108-png,2026-04-15T20:39:43Z,2026-04-15T20:39:43Z,CleanShot 2026-04-15 at 16.36.09@2x.png,png,image/png,1120,1108,1.0108303249097472,2562200,true,#5c493e,#e23864,#a1695c,1,releaseNote,1-27-0-your-work-comes-to-you,https://cdn.sanity.io/images/e5fj2khm/production/1ce371d9424f3025722e0d0a99a317ce7b3f9bfb-1120x1108.png
image-e9eccfec1250dc7f1b6cc3a57a5e8b2e7eceb0eb-3017x2000-jpg,2026-04-15T20:40:28Z,2026-04-15T20:40:28Z,IMG_5955.JPG,jpg,image/jpeg,3017,2000,1.5085,461830,false,#3c3424,#bb9343,#668480,1,releaseNote,1-27-0-your-work-comes-to-you,https://cdn.sanity.io/images/e5fj2khm/production/e9eccfec1250dc7f1b6cc3a57a5e8b2e7eceb0eb-3017x2000.jpg
image-def109532b4acd0c5baf6cb1ba9e4804b6eb0539-1496x998-png,2026-04-17T14:50:45Z,2026-04-17T14:50:45Z,CleanShot 2026-04-17 at 10.49.50@2x.png,png,image/png,1496,998,1.498997995991984,942848,true,#f5e5d0,#1462c5,#5c828e,1,releaseNote,1-27-0-your-work-comes-to-you,https://cdn.sanity.io/images/e5fj2khm/production/def109532b4acd0c5baf6cb1ba9e4804b6eb0539-1496x998.png
image-4e6d52624550523b79e9b12570bea31a5f9df6a2-968x644-png,2026-04-17T19:50:52Z,2026-04-17T19:50:52Z,CleanShot 2026-04-17 at 15.50.04@2x.png,png,image/png,968,644,1.5031055900621118,577652,true,#40454d,#3683e5,#9d8c63,0,,,https://cdn.sanity.io/images/e5fj2khm/production/4e6d52624550523b79e9b12570bea31a5f9df6a2-968x644.png
image-1a5d43501ba6f1c138a8a9950c88d614a2b20692-882x588-png,2026-04-17T19:52:01Z,2026-04-17T19:52:01Z,CleanShot 2026-04-17 at 15.51.45@2x.png,png,image/png,882,588,1.5,406074,true,#3f6670,#e2b87a,#777c83,2,releaseNote,1-27-0-your-work-comes-to-you,https://cdn.sanity.io/images/e5fj2khm/production/1a5d43501ba6f1c138a8a9950c88d614a2b20692-882x588.png
image-24a2c86b24a008f3e4d99a2791863d1e42e9d7c4-1757x1330-png,2026-04-20T15:47:01Z,2026-04-20T15:47:01Z,proactive.png,png,image/png,1757,1330,1.3210526315789475,1238564,true,#4a3b2d,#44b854,#aa6767,0,,,https://cdn.sanity.io/images/e5fj2khm/production/24a2c86b24a008f3e4d99a2791863d1e42e9d7c4-1757x1330.png
image-a2986e147975285c93e66384027cb833721f2c90-1825x1216-png,2026-04-20T15:47:28Z,2026-04-20T15:47:28Z,morning.png,png,image/png,1825,1216,1.5008223684210527,1669621,true,#4996a2,#4996a2,#a49c51,0,,,https://cdn.sanity.io/images/e5fj2khm/production/a2986e147975285c93e66384027cb833721f2c90-1825x1216.png
image-b3322e9aab0317262317ceb4f530318e067201cc-1855x1236-png,2026-04-20T15:47:44Z,2026-04-20T15:47:44Z,contex.png,png,image/png,1855,1236,1.500809061488673,539190,true,#cda89b,#f0a070,#9e6655,0,,,https://cdn.sanity.io/images/e5fj2khm/production/b3322e9aab0317262317ceb4f530318e067201cc-1855x1236.png
image-7dbf708d549fbec3220305dcf10e97387266a5bf-2282x1516-png,2026-04-21T14:56:43Z,2026-04-21T14:56:43Z,Screenshot 2026-04-20 at 5.18.35 PM.png,png,image/png,2282,1516,1.5052770448548813,1994519,true,#fcf3e9,#c5ae58,#ac685e,0,,,https://cdn.sanity.io/images/e5fj2khm/production/7dbf708d549fbec3220305dcf10e97387266a5bf-2282x1516.png
image-0e06e3b0397bb8e9737cbe96ad6170e9e43844d5-2282x1516-png,2026-04-21T14:57:28Z,2026-04-21T14:57:28Z,Screenshot 2026-04-20 at 5.23.05 PM.png,png,image/png,2282,1516,1.5052770448548813,3023976,true,#6e9296,#3b789e,#6e9296,1,homePage,homePage,https://cdn.sanity.io/images/e5fj2khm/production/0e06e3b0397bb8e9737cbe96ad6170e9e43844d5-2282x1516.png
image-d685014ed6e8c681a25ea03e064da6f5022f2794-1141x758-png,2026-04-21T16:17:28Z,2026-04-21T16:17:28Z,Frame 3466274 (1).png,png,image/png,1141,758,1.5052770448548813,197810,true,#1c0509,#f1be61,#4cae50,1,homePage,homePage,https://cdn.sanity.io/images/e5fj2khm/production/d685014ed6e8c681a25ea03e064da6f5022f2794-1141x758.png
image-bba5590bf98cee4a999427a4076b4f6a38a9e83f-646x398-png,2026-04-21T19:14:53Z,2026-04-21T19:14:53Z,Screenshot 2026-04-20 at 9.22.09 AM 1.png,png,image/png,646,398,1.6231155778894473,222664,true,#bcd1c6,#ba983f,#ad5954,0,,,https://cdn.sanity.io/images/e5fj2khm/production/bba5590bf98cee4a999427a4076b4f6a38a9e83f-646x398.png
image-681cacfc138fcdc0a126f107734b9db165bf1d6a-2088x2122-png,2026-04-21T19:25:27Z,2026-04-21T19:25:27Z,Screenshot 2026-04-21 at 3.24.23 PM.png,png,image/png,2088,2122,0.9839773798303487,1087436,true,#e4ecdc,#22dc22,#74796c,0,,,https://cdn.sanity.io/images/e5fj2khm/production/681cacfc138fcdc0a126f107734b9db165bf1d6a-2088x2122.png
image-50db486a4eb8d8c1acda912899a4b4e9bbc41144-704x497-png,2026-04-21T19:28:26Z,2026-04-21T19:28:26Z,Screenshot 2026-04-20 at 10.11.13 AM 1.png,png,image/png,704,497,1.4164989939637826,169414,true,#66668e,#e6bc35,#66668e,0,,,https://cdn.sanity.io/images/e5fj2khm/production/50db486a4eb8d8c1acda912899a4b4e9bbc41144-704x497.png
image-4168a8113e1a0317709165056a88bb8bc4df2f39-758x877-png,2026-04-21T19:29:40Z,2026-04-21T19:29:40Z,Screenshot 2026-04-20 at 10.20.00 AM 1.png,png,image/png,758,877,0.8643101482326112,460452,true,#3e2c24,#29bf6f,#8c7c58,0,,,https://cdn.sanity.io/images/e5fj2khm/production/4168a8113e1a0317709165056a88bb8bc4df2f39-758x877.png
image-c37c671e4779c7ae0ac7d714a1672c9463bcfe99-758x877-png,2026-04-21T19:30:22Z,2026-04-21T19:30:22Z,Screenshot 2026-04-20 at 10.20.00 AM 1.png,png,image/png,758,877,0.8643101482326112,460132,true,#3e2c24,#29bf6f,#8c7c58,0,,,https://cdn.sanity.io/images/e5fj2khm/production/c37c671e4779c7ae0ac7d714a1672c9463bcfe99-758x877.png
image-9752e829073dfa690097f66ef4ab323127915b78-806x558-png,2026-04-21T19:54:49Z,2026-04-21T19:54:49Z,Screenshot 2026-04-20 at 9.22.09 AM 1.png,png,image/png,806,558,1.4444444444444444,356633,true,#c5bb9f,#f4c028,#769cae,1,homePage,homePage,https://cdn.sanity.io/images/e5fj2khm/production/9752e829073dfa690097f66ef4ab323127915b78-806x558.png
image-901118c2aa5fcedc1860a3cc2c5c7318ff18663f-864x657-png,2026-04-21T19:57:33Z,2026-04-21T19:57:33Z,Screenshot 2026-04-20 at 10.11.13 AM 1.png,png,image/png,864,657,1.3150684931506849,323990,true,#c0d1da,#e70d0a,#7c74ac,1,homePage,homePage,https://cdn.sanity.io/images/e5fj2khm/production/901118c2aa5fcedc1860a3cc2c5c7318ff18663f-864x657.png
image-b6d996520736a672b5249832cb811aba74e8649b-918x834-png,2026-04-21T19:58:46Z,2026-04-21T19:58:46Z,Screenshot 2026-04-20 at 10.20.00 AM 1.png,png,image/png,918,834,1.1007194244604317,517320,true,#3d2d24,#e4495b,#a58f51,0,,,https://cdn.sanity.io/images/e5fj2khm/production/b6d996520736a672b5249832cb811aba74e8649b-918x834.png
image-766e053f2bf86bb7af8cbaed83ee868d2daa430c-1092x1110-png,2026-04-21T20:01:58Z,2026-04-21T20:01:58Z,Screenshot 2026-04-21 at 3.24.23 PM 1.png,png,image/png,1092,1110,0.9837837837837838,616655,true,#7c8278,#21dd21,#7c8278,0,,,https://cdn.sanity.io/images/e5fj2khm/production/766e053f2bf86bb7af8cbaed83ee868d2daa430c-1092x1110.png
image-ebcb2b37ef8cb45fe24c37d96d52406748b7e872-1093x1110-png,2026-04-21T20:03:03Z,2026-04-21T20:03:03Z,Screenshot 2026-04-21 at 3.24.23 PM 1.png,png,image/png,1093,1110,0.9846846846846847,619619,true,#83897f,#6aac52,#83897f,0,,,https://cdn.sanity.io/images/e5fj2khm/production/ebcb2b37ef8cb45fe24c37d96d52406748b7e872-1093x1110.png
image-8fdf504e7389244ea6db874b2b78bcc7aa4fcfe3-3840x2160-png,2026-04-22T15:29:22Z,2026-04-22T15:29:22Z,Background.png,png,image/png,3840,2160,1.7777777777777777,9177848,true,#929ccc,#8fa4d4,#929ccc,0,,,https://cdn.sanity.io/images/e5fj2khm/production/8fdf504e7389244ea6db874b2b78bcc7aa4fcfe3-3840x2160.png
image-7876e2154b409222a851d2ff5ee4cd014a745197-3024x2420-jpg,2026-04-23T13:25:56Z,2026-04-23T13:25:56Z,IMG_8887 Edited.JPG,jpg,image/jpeg,3024,2420,1.2495867768595041,4471795,false,#4f3a27,#e8304d,#947f6f,1,releaseNote,1-28-0-look-closer,https://cdn.sanity.io/images/e5fj2khm/production/7876e2154b409222a851d2ff5ee4cd014a745197-3024x2420.jpg
image-acae7362dcb2fbceb669a5b07387b052a246142a-430x468-png,2026-04-23T13:34:40Z,2026-04-23T13:34:40Z,CleanShot 2026-04-23 at 09.34.08@2x.png,png,image/png,430,468,0.9188034188034188,339527,true,#d4cabb,#cd9277,#907151,2,releaseNote,1-28-0-look-closer | 1-38-0-closing-the-week,https://cdn.sanity.io/images/e5fj2khm/production/acae7362dcb2fbceb669a5b07387b052a246142a-430x468.png
image-c8a6cf7ded931fb3422920009e50c877d222dc2d-2386x1952-png,2026-04-23T13:51:39Z,2026-04-23T13:51:39Z,CleanShot 2026-04-23 at 09.51.07@2x.png,png,image/png,2386,1952,1.2223360655737705,2144895,true,#c2beb2,#c4974e,#844247,1,releaseNote,1-28-0-look-closer,https://cdn.sanity.io/images/e5fj2khm/production/c8a6cf7ded931fb3422920009e50c877d222dc2d-2386x1952.png
image-38606b679dc77397cab9586e140a79e22c7ea6b7-1208x808-png,2026-04-23T14:07:43Z,2026-04-23T14:07:43Z,reports.png,png,image/png,1208,808,1.495049504950495,631422,true,#bccddc,#b04457,#5c9c54,0,,,https://cdn.sanity.io/images/e5fj2khm/production/38606b679dc77397cab9586e140a79e22c7ea6b7-1208x808.png
image-2d11b546a45c0a3c15391755d3061543d72399f8-1208x823-png,2026-04-23T14:11:36Z,2026-04-23T14:11:36Z,tab.png,png,image/png,1208,823,1.4678007290400972,619412,true,#a7b9c6,#d29f38,#53a28e,0,,,https://cdn.sanity.io/images/e5fj2khm/production/2d11b546a45c0a3c15391755d3061543d72399f8-1208x823.png
image-135bc08d58e8b8096c47d4768c109274cea75515-1208x823-png,2026-04-23T14:13:42Z,2026-04-23T14:13:42Z,report.png,png,image/png,1208,823,1.4678007290400972,597658,true,#c3ccc0,#3fbf3f,#80887f,0,,,https://cdn.sanity.io/images/e5fj2khm/production/135bc08d58e8b8096c47d4768c109274cea75515-1208x823.png
image-724a55bd552f613cf51096ab5338a8a5c5895f5f-950x709-png,2026-04-23T16:42:30Z,2026-04-23T16:42:30Z,DIAWeekly_Issue20-1-V1.png,png,image/png,950,709,1.3399153737658673,506977,true,#4b563f,#c57045,#9c7064,1,releaseNote,1-28-0-look-closer,https://cdn.sanity.io/images/e5fj2khm/production/724a55bd552f613cf51096ab5338a8a5c5895f5f-950x709.png
image-bc44d135fa66807ccddbd4a8a3314446b21b37f7-933x694-png,2026-04-23T17:28:22Z,2026-04-23T17:28:22Z,Screenshot 2026-04-21 at 3.24.23 PM 1 (1).png,png,image/png,933,694,1.3443804034582132,285274,true,#ebfceb,#21dd21,#7c8c7c,0,,,https://cdn.sanity.io/images/e5fj2khm/production/bc44d135fa66807ccddbd4a8a3314446b21b37f7-933x694.png
image-5298b947e9478424d5dc565e37486ce4afd5361e-800x692-png,2026-04-23T17:28:55Z,2026-04-23T17:28:55Z,Screenshot 2026-04-20 at 10.20.00 AM 1 (1).png,png,image/png,800,692,1.1560693641618498,340192,true,#3e2f26,#2ebf74,#a3575d,0,,,https://cdn.sanity.io/images/e5fj2khm/production/5298b947e9478424d5dc565e37486ce4afd5361e-800x692.png
image-25b8532add468134b64559b35469218b6d6706ac-800x711-png,2026-04-23T17:29:27Z,2026-04-23T17:29:27Z,Screenshot 2026-04-20 at 10.20.00 AM 1 (3).png,png,image/png,800,711,1.1251758087201125,347519,true,#d4c3a4,#29c06c,#9e585d,0,,,https://cdn.sanity.io/images/e5fj2khm/production/25b8532add468134b64559b35469218b6d6706ac-800x711.png
image-c7cb72d30209bff62c6d755e5334af3c6cd1b8de-1096x711-png,2026-04-23T17:30:06Z,2026-04-23T17:30:06Z,Frame 5.png,png,image/png,1096,711,1.541490857946554,313960,true,#cdbea7,#d24051,#50aa75,0,,,https://cdn.sanity.io/images/e5fj2khm/production/c7cb72d30209bff62c6d755e5334af3c6cd1b8de-1096x711.png
image-a7d00e4699171e3827f316d9b89642504154c443-1096x711-png,2026-04-27T14:27:00Z,2026-04-27T14:27:00Z,Frame 5 (1).png,png,image/png,1096,711,1.541490857946554,310568,true,#cdbea7,#d24051,#50aa75,1,homePage,homePage,https://cdn.sanity.io/images/e5fj2khm/production/a7d00e4699171e3827f316d9b89642504154c443-1096x711.png
image-edc97493a9ca1cef78927a5e63200b62d4ba1759-1500x1000-jpg,2026-04-27T19:27:27Z,2026-04-27T19:27:27Z,jean-smart-christopher-briney-hacks-season-5-040326-eee75280bfed42f49d20b4ed4d39d858.jpg,jpg,image/jpeg,1500,1000,1.5,142772,false,#c38765,#c38765,#93765b,0,,,https://cdn.sanity.io/images/e5fj2khm/production/edc97493a9ca1cef78927a5e63200b62d4ba1759-1500x1000.jpg
image-f57e2602809c4c6917e31a6aaaa4aaab6b736ea6-960x1160-png,2026-04-27T20:43:47Z,2026-04-27T20:43:47Z,new.png,png,image/png,960,1160,0.8275862068965517,900526,true,#3e2d24,#e04858,#94855a,0,,,https://cdn.sanity.io/images/e5fj2khm/production/f57e2602809c4c6917e31a6aaaa4aaab6b736ea6-960x1160.png
image-ccd76eee361ea84bb7305b8f025d8844082fb01e-800x1000-png,2026-04-27T20:44:22Z,2026-04-27T20:44:22Z,new.png,png,image/png,800,1000,0.8,640183,true,#c1d8e0,#367acb,#a89257,0,,,https://cdn.sanity.io/images/e5fj2khm/production/ccd76eee361ea84bb7305b8f025d8844082fb01e-800x1000.png
image-468a4f9e80377cb8b2f90b17a14437d35a63b598-3024x1964-png,2026-04-28T20:11:59Z,2026-04-28T20:11:59Z,Screenshot 2026-04-09 at 10.57.52 AM.png,png,image/png,3024,1964,1.539714867617108,5862587,true,#7e7e74,#c04567,#7e7e74,0,,,https://cdn.sanity.io/images/e5fj2khm/production/468a4f9e80377cb8b2f90b17a14437d35a63b598-3024x1964.png
image-baca3c35b8c9fbf8eb38e6c9bc43f2f24bbc28ad-512x512-jpg,2026-04-28T20:14:53Z,2026-04-28T20:14:53Z,TMBRUP2KE-U060AES7TV3-f834fa527948-512.jpg,jpg,image/jpeg,512,512,1,55049,false,#c6c6c6,#7f7f7f,#737373,1,releaseNote,1-29-0-sync-unpinned-tabs,https://cdn.sanity.io/images/e5fj2khm/production/baca3c35b8c9fbf8eb38e6c9bc43f2f24bbc28ad-512x512.jpg
image-1a0d6abaedd0b356880deb9fd1e75e1878f60029-932x689-png,2026-04-28T21:04:35Z,2026-04-28T21:04:35Z,Screenshot 2026-04-28 at 5.02.04 PM 1.png,png,image/png,932,689,1.3526850507982584,200825,true,#837b85,#cb6452,#837b85,0,,,https://cdn.sanity.io/images/e5fj2khm/production/1a0d6abaedd0b356880deb9fd1e75e1878f60029-932x689.png
image-cf2571e18087a44280a51077b92871e55627f0aa-930x688-png,2026-04-28T21:21:39Z,2026-04-28T21:21:39Z,Screenshot 2026-04-28 at 5.18.46 PM 1 (1).png,png,image/png,930,688,1.3517441860465116,194283,true,#434d42,#3cb07d,#747e6c,0,,,https://cdn.sanity.io/images/e5fj2khm/production/cf2571e18087a44280a51077b92871e55627f0aa-930x688.png
image-b6134fceafc1aedfec8074fa6f02cf9a1cd27545-932x688-png,2026-04-28T21:24:39Z,2026-04-28T21:24:39Z,Screenshot 2026-04-28 at 5.18.46 PM 1.png,png,image/png,932,688,1.3546511627906976,196783,true,#7d847b,#3ab57f,#7d847b,0,,,https://cdn.sanity.io/images/e5fj2khm/production/b6134fceafc1aedfec8074fa6f02cf9a1cd27545-932x688.png
image-af271a095ea75a3e533f7f86ce384ad21f7e15b6-931x688-png,2026-04-28T21:25:45Z,2026-04-28T21:25:45Z,Screenshot 2026-04-28 at 5.18.46 PM 1 (2).png,png,image/png,931,688,1.3531976744186047,195633,true,#475045,#34af7b,#4c9c74,0,,,https://cdn.sanity.io/images/e5fj2khm/production/af271a095ea75a3e533f7f86ce384ad21f7e15b6-931x688.png
image-7a7f55d3d84fd593771c9d786849b6d2d2ca6d45-930x687-png,2026-04-28T21:26:51Z,2026-04-28T21:26:51Z,Screenshot 2026-04-28 at 5.18.46 PM 1 (4).png,png,image/png,930,687,1.3537117903930131,193874,true,#798077,#39bd85,#798077,0,,,https://cdn.sanity.io/images/e5fj2khm/production/7a7f55d3d84fd593771c9d786849b6d2d2ca6d45-930x687.png
image-b19db3104ab35446c063e40586c6bf68a7c682ad-2308x1483-png,2026-04-29T14:05:04Z,2026-04-29T14:05:04Z,CleanShot 2026-04-28 at 15.51.png,png,image/png,2308,1483,1.5563047875927174,2971463,true,#848867,#e29a25,#848867,2,releaseNote,1-29-0-sync-unpinned-tabs,https://cdn.sanity.io/images/e5fj2khm/production/b19db3104ab35446c063e40586c6bf68a7c682ad-2308x1483.png
image-2b5e6db14de028def55a92596b37d2770e63bf00-4032x3024-jpg,2026-04-29T16:46:16Z,2026-04-29T16:46:16Z,IMG_8225.jpeg,jpg,image/jpeg,4032,3024,1.3333333333333333,1700828,false,#513e2d,#80643c,#9d7e63,1,releaseNote,1-29-0-sync-unpinned-tabs,https://cdn.sanity.io/images/e5fj2khm/production/2b5e6db14de028def55a92596b37d2770e63bf00-4032x3024.jpg
image-242762c4ddb698176bc40ffd0567fb18c8deb5a9-774x976-png,2026-04-29T19:07:07Z,2026-04-29T19:07:07Z,Screenshot 2026-04-20 at 10.20.00 AM 2.png,png,image/png,774,976,0.7930327868852459,573154,true,#d7c4a7,#3578cf,#a38d55,0,,,https://cdn.sanity.io/images/e5fj2khm/production/242762c4ddb698176bc40ffd0567fb18c8deb5a9-774x976.png
image-6a5875cc562b7e888f7c487610bfd17ee40ed969-774x975-png,2026-04-29T19:07:52Z,2026-04-29T19:07:52Z,Screenshot 2026-04-20 at 10.20.00 AM 2 (1).png,png,image/png,774,975,0.7938461538461539,572128,true,#442d24,#3278cf,#96865f,1,homePage,homePage,https://cdn.sanity.io/images/e5fj2khm/production/6a5875cc562b7e888f7c487610bfd17ee40ed969-774x975.png
image-42df68b579103373703c0d02c5d78ffb81a5431d-900x468-png,2026-05-06T14:16:05Z,2026-05-06T14:16:05Z,Screenshot 2026-04-22 at 2.42.24 PM.png,png,image/png,900,468,1.9230769230769231,202444,true,#525252,#3161dd,#55987e,1,releaseNote,1-30-0-keeping-tabs-tidy,https://cdn.sanity.io/images/e5fj2khm/production/42df68b579103373703c0d02c5d78ffb81a5431d-900x468.png
image-99117e47ab9bcbd8ce8daaa6be0247308b6a81fd-512x512-png,2026-05-06T14:19:05Z,2026-05-06T14:19:05Z,TMBRUP2KE-U05PXLB748J-4efd5a30a0a7-512.png,png,image/png,512,512,1,412521,false,#c4aaa7,#c67b63,#99645d,1,releaseNote,1-30-0-keeping-tabs-tidy,https://cdn.sanity.io/images/e5fj2khm/production/99117e47ab9bcbd8ce8daaa6be0247308b6a81fd-512x512.png
image-cba3ad053f7a4eb5caea431474392d6726dc33ef-2268x4032-jpg,2026-05-06T14:19:42Z,2026-05-06T14:19:42Z,7579F5DB-0E04-434B-A99D-097C45115531_1_201_a (1).jpeg,jpg,image/jpeg,2268,4032,0.5625,2080383,false,#e6d9ca,#d28a0e,#977751,0,,,https://cdn.sanity.io/images/e5fj2khm/production/cba3ad053f7a4eb5caea431474392d6726dc33ef-2268x4032.jpg
image-a88f9efd3337c3fc26b55a1a34db880df3aee3b0-512x512-png,2026-05-06T18:10:40Z,2026-05-06T18:10:40Z,2up.png,png,image/png,512,512,1,245957,false,#4f4844,#38a8bb,#7d95a5,0,,,https://cdn.sanity.io/images/e5fj2khm/production/a88f9efd3337c3fc26b55a1a34db880df3aee3b0-512x512.png
image-8785f70a94c73213e35650ced4346dcb5a4a6aa7-512x512-png,2026-05-06T18:12:08Z,2026-05-06T18:12:08Z,2up2.png,png,image/png,512,512,1,291476,true,#46403d,#38a7bb,#ac7c64,1,releaseNote,1-30-0-keeping-tabs-tidy,https://cdn.sanity.io/images/e5fj2khm/production/8785f70a94c73213e35650ced4346dcb5a4a6aa7-512x512.png
image-a2f239ce0c0c112b9261a3974260458c033d9e4e-2268x2875-jpg,2026-05-06T18:16:54Z,2026-05-06T18:16:54Z,7579F5DB-0E04-434B-A99D-097C45115531_1_201_a.jpeg,jpg,image/jpeg,2268,2875,0.7888695652173913,1580026,false,#69523a,#cd860c,#95795c,1,releaseNote,1-30-0-keeping-tabs-tidy,https://cdn.sanity.io/images/e5fj2khm/production/a2f239ce0c0c112b9261a3974260458c033d9e4e-2268x2875.jpg
image-bac57e7f072ad43882d6c0b57ebcc4f33831b620-512x512-jpg,2026-05-13T14:02:03Z,2026-05-13T14:02:03Z,TMBRUP2KE-U07GVHYNK2B-14d37b14ea50-512.jpg,jpg,image/jpeg,512,512,1,70909,false,#6b8599,#7caccc,#6b8599,1,releaseNote,1-31-0-pr-hover,https://cdn.sanity.io/images/e5fj2khm/production/bac57e7f072ad43882d6c0b57ebcc4f33831b620-512x512.jpg
image-641700d497a0504b2ccfe38ae71efa6842896fc7-512x512-png,2026-05-13T14:03:16Z,2026-05-13T14:03:16Z,TMBRUP2KE-U0656R1TY9Z-1a49400aed93-512.png,png,image/png,512,512,1,421150,false,#faab2c,#faab2c,#a87d57,1,releaseNote,1-31-0-pr-hover,https://cdn.sanity.io/images/e5fj2khm/production/641700d497a0504b2ccfe38ae71efa6842896fc7-512x512.png
image-2eaed38e96fcae57daa12956f7ccd21b88377e26-4257x4141-jpg,2026-05-13T15:07:05Z,2026-05-13T15:07:05Z,IMG_8737.JPG,jpg,image/jpeg,4257,4141,1.0280125573532963,3824809,false,#c9b2a1,#f4cc6c,#ab6562,1,releaseNote,1-31-0-pr-hover,https://cdn.sanity.io/images/e5fj2khm/production/2eaed38e96fcae57daa12956f7ccd21b88377e26-4257x4141.jpg
image-ae0aaf371e9c6987671e80fa75a9d97883723463-958x608-png,2026-05-20T22:36:19Z,2026-05-20T22:36:19Z,image (9).png,png,image/png,958,608,1.575657894736842,207078,true,#595555,#b83b2d,#a78c5a,0,,,https://cdn.sanity.io/images/e5fj2khm/production/ae0aaf371e9c6987671e80fa75a9d97883723463-958x608.png
image-b61c38bc782acb69811dd86841e3bad079e45d1f-2166x1442-png,2026-05-20T22:42:13Z,2026-05-20T22:42:13Z,Screenshot 2026-05-20 at 2.26.25 PM.png,png,image/png,2166,1442,1.5020804438280166,1722465,true,#f3f2fc,#d0c642,#5967a2,0,,,https://cdn.sanity.io/images/e5fj2khm/production/b61c38bc782acb69811dd86841e3bad079e45d1f-2166x1442.png
image-a21e5373f75a9431cdb25e883e071e0a0934fcb5-3604x2286-png,2026-05-20T22:44:08Z,2026-05-20T22:44:08Z,Screenshot 2026-05-20 at 18.27.38.png,png,image/png,3604,2286,1.5765529308836395,4220538,true,#e9b7b5,#9f4f48,#4b9a7f,0,,,https://cdn.sanity.io/images/e5fj2khm/production/a21e5373f75a9431cdb25e883e071e0a0934fcb5-3604x2286.png
image-480ebfc08f7c1fe363758a5870828632816a9654-512x512-jpg,2026-05-20T22:45:25Z,2026-05-20T22:45:25Z,Christine.jpg,jpg,image/jpeg,512,512,1,69118,false,#c9b6a5,#bea463,#48788c,1,releaseNote,1-32-0-outside-work,https://cdn.sanity.io/images/e5fj2khm/production/480ebfc08f7c1fe363758a5870828632816a9654-512x512.jpg
image-16b4b41023ae96e34dcb39f95095982dbebfd599-1139x590-png,2026-05-20T22:51:05Z,2026-05-20T22:51:05Z,Screenshot 2026-05-20 at 2.26.25 PM.png,png,image/png,1139,590,1.9305084745762713,395835,true,#b1b2c6,#6c84bc,#6f85b0,0,,,https://cdn.sanity.io/images/e5fj2khm/production/16b4b41023ae96e34dcb39f95095982dbebfd599-1139x590.png
image-4d25f735776f7edfc881b16b2ced1eb6efae74a1-3372x2054-png,2026-05-20T22:51:54Z,2026-05-20T22:51:54Z,Screenshot 2026-05-20 at 18.27.38.png,png,image/png,3372,2054,1.6416747809152872,3405082,true,#0b6442,#ec4b51,#5ca8a4,1,releaseNote,1-32-0-outside-work,https://cdn.sanity.io/images/e5fj2khm/production/4d25f735776f7edfc881b16b2ced1eb6efae74a1-3372x2054.png
image-c9a9a617294c179f4617027d24a2f54d9a71a9df-1139x548-png,2026-05-20T23:00:54Z,2026-05-20T23:00:54Z,Screenshot 2026-05-20 at 2.26.25 PM.png,png,image/png,1139,548,2.0784671532846715,343002,true,#484a4b,#8ca4d4,#6a85b5,1,releaseNote,1-32-0-outside-work,https://cdn.sanity.io/images/e5fj2khm/production/c9a9a617294c179f4617027d24a2f54d9a71a9df-1139x548.png
image-3e9ed295b08499aefb388c96062fbb6f09c72f3b-960x684-png,2026-05-20T23:39:50Z,2026-05-20T23:39:50Z,image.png,png,image/png,960,684,1.4035087719298245,226947,true,#575756,#be2c1a,#b86c6c,1,releaseNote,1-32-0-outside-work,https://cdn.sanity.io/images/e5fj2khm/production/3e9ed295b08499aefb388c96062fbb6f09c72f3b-960x684.png
image-0393ddc550968d5e0d098c4b506349d55c45a4b2-2048x1536-webp,2026-05-28T14:44:55Z,2026-05-28T14:44:55Z,miko-weekly.webp,webp,image/webp,2048,1536,1.3333333333333333,206948,false,#dbbeb2,#31a1b9,#a2825a,1,releaseNote,1-33-0-tab-performance,https://cdn.sanity.io/images/e5fj2khm/production/0393ddc550968d5e0d098c4b506349d55c45a4b2-2048x1536.webp
image-88d5f55920433ad05a8903431280dd6a7be5a3b1-1448x1658-png,2026-06-08T15:08:08Z,2026-06-08T15:08:08Z,Screenshot 2026-06-08 at 11.07.55 AM.png,png,image/png,1448,1658,0.873341375150784,4459484,true,#633360,#1d4ed9,#753d84,0,,,https://cdn.sanity.io/images/e5fj2khm/production/88d5f55920433ad05a8903431280dd6a7be5a3b1-1448x1658.png
image-f0fa7d82011d4cea39af668b73d6d5ec019101a7-3000x4000-jpg,2026-06-08T15:10:24Z,2026-06-08T15:10:24Z,20260601_192302.jpg,jpg,image/jpeg,3000,4000,0.75,717608,false,#432a49,#0b55ee,#877174,0,,,https://cdn.sanity.io/images/e5fj2khm/production/f0fa7d82011d4cea39af668b73d6d5ec019101a7-3000x4000.jpg
image-6e22fcdbec9ac2847ce19fbf8f6706305fe03a51-2966x2159-jpg,2026-06-08T15:13:52Z,2026-06-08T15:13:52Z,20260601_192302.jpg,jpg,image/jpeg,2966,2159,1.3737841593330244,1748826,false,#553247,#1451de,#764085,1,releaseNote,1-34-1-pittsburgh,https://cdn.sanity.io/images/e5fj2khm/production/6e22fcdbec9ac2847ce19fbf8f6706305fe03a51-2966x2159.jpg
image-101e633084774f6ed4c20c81eb0496237e16535a-6240x4160-jpg,2026-06-08T15:17:50Z,2026-06-08T15:17:50Z,DSCF1376.jpg,jpg,image/jpeg,6240,4160,1.5,2809172,false,#ccbdb0,#3c7d95,#946a59,1,releaseNote,1-34-1-pittsburgh,https://cdn.sanity.io/images/e5fj2khm/production/101e633084774f6ed4c20c81eb0496237e16535a-6240x4160.jpg
image-f9e45a1d4885fb54a11b35948a51e334370fa89c-4160x6240-jpg,2026-06-08T15:19:43Z,2026-06-08T15:19:43Z,DSCF1496.jpg,jpg,image/jpeg,4160,6240,0.6666666666666666,4648535,false,#b2d5c6,#279f59,#5fae80,0,,,https://cdn.sanity.io/images/e5fj2khm/production/f9e45a1d4885fb54a11b35948a51e334370fa89c-4160x6240.jpg
image-39597fe4701f60e22088baed53791de2099e4eca-4284x5712-jpg,2026-06-08T15:20:01Z,2026-06-08T15:20:01Z,IMG_0755_VSCO.jpg,jpg,image/jpeg,4284,5712,0.75,3901011,false,#2b5130,#73cd31,#68867c,2,releaseNote,1-34-1-pittsburgh,https://cdn.sanity.io/images/e5fj2khm/production/39597fe4701f60e22088baed53791de2099e4eca-4284x5712.jpg
image-f610168de7e1db5dc0b46d14697200d71c4bb1a9-5712x4284-jpg,2026-06-08T15:21:40Z,2026-06-08T15:21:40Z,IMG_9090.jpg,jpg,image/jpeg,5712,4284,1.3333333333333333,3738872,false,#947252,#cc7d2e,#947252,1,releaseNote,1-34-1-pittsburgh,https://cdn.sanity.io/images/e5fj2khm/production/f610168de7e1db5dc0b46d14697200d71c4bb1a9-5712x4284.jpg
image-0251e7b46f126da299853abef87e72703615982e-4284x5712-jpg,2026-06-08T15:23:59Z,2026-06-08T15:23:59Z,DSCF1496.jpg,jpg,image/jpeg,4284,5712,0.75,6405747,false,#b4d7c6,#289f5a,#5eaf80,1,releaseNote,1-34-1-pittsburgh,https://cdn.sanity.io/images/e5fj2khm/production/0251e7b46f126da299853abef87e72703615982e-4284x5712.jpg
image-97dd66b05f6eab9c02ef6f875821a9a736fbbf94-5712x4284-jpg,2026-06-08T15:35:24Z,2026-06-08T15:35:24Z,IMG_2674.jpg,jpg,image/jpeg,5712,4284,1.3333333333333333,1192426,false,#5a67a0,#ef732e,#5a67a0,1,releaseNote,1-34-1-pittsburgh,https://cdn.sanity.io/images/e5fj2khm/production/97dd66b05f6eab9c02ef6f875821a9a736fbbf94-5712x4284.jpg
image-a49c806abdf91b83e8d4becc54a4c28cdf913fcd-2400x1350-png,2026-06-18T13:52:37Z,2026-06-18T13:52:37Z,Twitter post - 8.png,png,image/png,2400,1350,1.7777777777777777,1589715,true,#877765,#edc334,#877765,2,releaseNote,1-36-0-pip-stash,https://cdn.sanity.io/images/e5fj2khm/production/a49c806abdf91b83e8d4becc54a4c28cdf913fcd-2400x1350.png
image-8437c1ace914435972b1fd4f360f93c329d4b0c0-3024x4032-jpg,2026-06-18T13:56:24Z,2026-06-18T13:56:24Z,PXL_20220312_211939530.PORTRAIT (1).jpg,jpg,image/jpeg,3024,4032,0.75,1881702,false,#afc1ce,#dba83d,#a5876a,1,releaseNote,1-36-0-pip-stash,https://cdn.sanity.io/images/e5fj2khm/production/8437c1ace914435972b1fd4f360f93c329d4b0c0-3024x4032.jpg
image-a0f6417e0674ab4d619ab461df91070040404929-4096x3072-png,2026-06-23T02:34:16Z,2026-06-23T02:34:16Z,thumbnail.png,png,image/png,4096,3072,1.3333333333333333,8893566,false,#98805a,#c28d3c,#98805a,1,homePage,homePage,https://cdn.sanity.io/images/e5fj2khm/production/a0f6417e0674ab4d619ab461df91070040404929-4096x3072.png
image-223769cbb93fd2c891a13fc0375ef8ba460bcb57-4096x3072-png,2026-06-24T20:36:15Z,2026-06-24T20:36:15Z,MorningScream_4x3_Samir_LinkedIn_CTA1_Full.00_00_21_00.Still013.png,png,image/png,4096,3072,1.3333333333333333,16796463,true,#523f24,#9c812a,#958161,1,releaseNote,1-37-0-morning-brief,https://cdn.sanity.io/images/e5fj2khm/production/223769cbb93fd2c891a13fc0375ef8ba460bcb57-4096x3072.png
image-7f23b3560d97cb46a6a7ba3870c9c0b462d7dc04-1074x707-png,2026-06-24T23:05:13Z,2026-06-24T23:05:13Z,pic.png,png,image/png,1074,707,1.5190947666195191,687452,true,#f49b8a,#bf8253,#ad7b56,0,,,https://cdn.sanity.io/images/e5fj2khm/production/7f23b3560d97cb46a6a7ba3870c9c0b462d7dc04-1074x707.png
image-69997795a67e6762d4b505516c2bd8c87ac321d2-1600x1063-png,2026-06-24T23:05:45Z,2026-06-24T23:05:45Z,brief.png,png,image/png,1600,1063,1.5051740357478833,1104619,true,#6b9195,#918941,#6b9195,0,,,https://cdn.sanity.io/images/e5fj2khm/production/69997795a67e6762d4b505516c2bd8c87ac321d2-1600x1063.png
image-c3d36d730ae27bc17c442ca372a31a88a509f3f1-1600x1063-png,2026-06-24T23:49:28Z,2026-06-24T23:49:28Z,new-brief.png,png,image/png,1600,1063,1.5051740357478833,1521956,true,#6a959d,#dad626,#6a959d,1,releaseNote,1-37-0-morning-brief,https://cdn.sanity.io/images/e5fj2khm/production/c3d36d730ae27bc17c442ca372a31a88a509f3f1-1600x1063.png
image-932657e1b2fd4e2ce39c4a288104c5619f7bb1dd-1020x777-png,2026-06-24T23:51:37Z,2026-06-24T23:51:37Z,Screenshot 2026-04-28 at 5.18.46 PM 1.png,png,image/png,1020,777,1.3127413127413128,313149,true,#e4ecdc,#20be78,#747c6c,0,,,https://cdn.sanity.io/images/e5fj2khm/production/932657e1b2fd4e2ce39c4a288104c5619f7bb1dd-1020x777.png
image-d2530e65ff3dd1769e9357bf06dd9c66ed43912f-1019x777-png,2026-06-24T23:52:14Z,2026-06-24T23:52:14Z,Screenshot 2026-04-28 at 5.18.46 PM 1 (2).png,png,image/png,1019,777,1.3114543114543114,312712,true,#e4ecdc,#20b478,#ac8c84,1,homePage,homePage,https://cdn.sanity.io/images/e5fj2khm/production/d2530e65ff3dd1769e9357bf06dd9c66ed43912f-1019x777.png
image-75a6f1a571ce5366c598c05d6659f2e43dc830be-1744x1191-png,2026-06-24T23:55:42Z,2026-06-24T23:55:42Z,decks.png,png,image/png,1744,1191,1.4643157010915198,352235,true,#2b66cb,#2b66cb,#aab05d,1,homePage,homePage,https://cdn.sanity.io/images/e5fj2khm/production/75a6f1a571ce5366c598c05d6659f2e43dc830be-1744x1191.png
image-26ff701fd7c786061bc7bc9756f7fd577c24c188-1969x1345-png,2026-06-25T00:01:39Z,2026-06-25T00:01:39Z,decks-2.png,png,image/png,1969,1345,1.4639405204460967,428028,true,#8fb7f2,#1844c8,#acb060,0,,,https://cdn.sanity.io/images/e5fj2khm/production/26ff701fd7c786061bc7bc9756f7fd577c24c188-1969x1345.png
image-b6c4809c8dec4f3c9feee27572a449435c784af7-748x707-png,2026-06-25T02:52:44Z,2026-06-25T02:52:44Z,square-pic.png,png,image/png,748,707,1.0579915134370579,402542,true,#f69d8e,#f47454,#ac784f,0,,,https://cdn.sanity.io/images/e5fj2khm/production/b6c4809c8dec4f3c9feee27572a449435c784af7-748x707.png
image-e1bf3dab180417d7a13174091175d6be720f79c2-854x612-png,2026-06-25T02:53:36Z,2026-06-25T02:53:36Z,pic-3.png,png,image/png,854,612,1.3954248366013071,395564,true,#c88860,#c88860,#a77a59,5,releaseNote,1-37-0-morning-brief | 1-38-0-closing-the-week | 1-39-1-reports | granola | questions,https://cdn.sanity.io/images/e5fj2khm/production/e1bf3dab180417d7a13174091175d6be720f79c2-854x612.png
image-2a3fed123dd60d491e98c28d8eb8ca0a116ce275-2400x1260-png,2026-06-25T13:03:31Z,2026-06-25T13:03:31Z,image (1).png,png,image/png,2400,1260,1.9047619047619047,1731423,true,#4d170b,#8a4327,#9e795f,2,homePage,homePage,https://cdn.sanity.io/images/e5fj2khm/production/2a3fed123dd60d491e98c28d8eb8ca0a116ce275-2400x1260.png
image-454b934ded2c0358887b691fad33c6b25c48afc6-740x654-jpg,2026-07-01T19:10:19Z,2026-07-01T19:10:19Z,IMG_6732.jpg,jpg,image/jpeg,740,654,1.1314984709480123,62102,false,#5f3e3d,#c84536,#a65952,1,releaseNote,1-38-0-closing-the-week,https://cdn.sanity.io/images/e5fj2khm/production/454b934ded2c0358887b691fad33c6b25c48afc6-740x654.jpg
image-6a22198470b201c4c3c7fa9f51e1b3b91fb202f1-5712x4284-jpg,2026-07-01T19:16:00Z,2026-07-01T19:16:00Z,IMG_1608.jpg,jpg,image/jpeg,5712,4284,1.3333333333333333,9676326,false,#8c7863,#cc3a3c,#8c7863,0,,,https://cdn.sanity.io/images/e5fj2khm/production/6a22198470b201c4c3c7fa9f51e1b3b91fb202f1-5712x4284.jpg
image-62fac6c2add0930552a44b21c58d760da6a57c1d-2092x1492-png,2026-07-01T19:26:15Z,2026-07-01T19:26:15Z,Screenshot 2026-07-01 at 3.25.53 PM.png,png,image/png,2092,1492,1.4021447721179625,650453,true,#fcecec,#449c7a,#7d7474,0,,,https://cdn.sanity.io/images/e5fj2khm/production/62fac6c2add0930552a44b21c58d760da6a57c1d-2092x1492.png
image-0391d0f9a6508ed5adb930676124d26607ff6cc3-1402x536-png,2026-07-01T19:37:25Z,2026-07-01T19:37:25Z,Screenshot 2026-07-01 at 3.36.48 PM.png,png,image/png,1402,536,2.6156716417910446,199928,true,#6a978a,#5c5cbc,#6a978a,1,releaseNote,1-38-0-closing-the-week,https://cdn.sanity.io/images/e5fj2khm/production/0391d0f9a6508ed5adb930676124d26607ff6cc3-1402x536.png
image-39e4780d35367155af66165b28da12e0c3acb98a-1908x1350-png,2026-07-01T19:39:01Z,2026-07-01T19:39:01Z,Screenshot 2026-07-01 at 3.38.34 PM.png,png,image/png,1908,1350,1.4133333333333333,277357,true,#cbbabe,#42b78e,#827e7f,0,,,https://cdn.sanity.io/images/e5fj2khm/production/39e4780d35367155af66165b28da12e0c3acb98a-1908x1350.png
image-ecf3cf3000277079202c14230a34a981581e0656-1908x1339-png,2026-07-01T19:49:50Z,2026-07-01T19:49:50Z,Screenshot 2026-07-01 at 3.38.34 PM.png,png,image/png,1908,1339,1.4249439880507841,249967,true,#827c7e,#42b890,#827c7e,2,releaseNote,1-38-0-closing-the-week,https://cdn.sanity.io/images/e5fj2khm/production/ecf3cf3000277079202c14230a34a981581e0656-1908x1339.png
image-8c31bc35fe08da88da2f4b278deab80e09d45320-1406x1200-png,2026-07-01T21:43:10Z,2026-07-01T21:43:10Z,recrop.png,png,image/png,1406,1200,1.1716666666666666,1806024,true,#8c7862,#ce353a,#8c7862,1,releaseNote,1-38-0-closing-the-week,https://cdn.sanity.io/images/e5fj2khm/production/8c31bc35fe08da88da2f4b278deab80e09d45320-1406x1200.png
image-a6f15fbca61e90d91b2196b75b3fd413a25774db-1632x964-png,2026-07-09T13:06:39Z,2026-07-09T13:06:39Z,07d0e5b7-c9e1-b2f4-4308-82dd7f5b43cf.png,png,image/png,1632,964,1.6929460580912863,641797,true,#fce5da,#3fbfaf,#5c946c,0,,,https://cdn.sanity.io/images/e5fj2khm/production/a6f15fbca61e90d91b2196b75b3fd413a25774db-1632x964.png
image-f5e67f1a3c981ed205dd437a492bcee8c5106e24-680x884-png,2026-07-09T13:16:05Z,2026-07-09T13:16:05Z,Screenshot 2026-07-08 at 4.47.57 PM.png,png,image/png,680,884,0.7692307692307693,90961,true,#fcfcdc,#af8f4f,#8c846e,0,,,https://cdn.sanity.io/images/e5fj2khm/production/f5e67f1a3c981ed205dd437a492bcee8c5106e24-680x884.png
image-94428323a8db766c4ddc642f256664401df5282c-874x852-png,2026-07-09T13:16:37Z,2026-07-09T13:16:37Z,Screenshot 2026-07-08 at 4.45.03 PM.png,png,image/png,874,852,1.0258215962441315,116650,true,#f1e39f,#d4c474,#998b54,0,,,https://cdn.sanity.io/images/e5fj2khm/production/94428323a8db766c4ddc642f256664401df5282c-874x852.png
image-a03ece1802d3676a5ce6ec73682c615eaf1e02e3-846x721-png,2026-07-09T13:20:51Z,2026-07-09T13:20:51Z,Screenshot 2026-07-08 at 4.45.03 PM.png,png,image/png,846,721,1.1733703190013869,103638,true,#f1e3a1,#d5c474,#988952,1,releaseNote,1-39-1-reports,https://cdn.sanity.io/images/e5fj2khm/production/a03ece1802d3676a5ce6ec73682c615eaf1e02e3-846x721.png
image-6a585e9f777fca9f42b23617ae34584cf151203b-680x662-png,2026-07-09T13:21:30Z,2026-07-09T13:21:30Z,Screenshot 2026-07-08 at 4.47.57 PM.png,png,image/png,680,662,1.027190332326284,66488,true,#fcfcdb,#ebeb13,#8c8464,1,releaseNote,1-39-1-reports,https://cdn.sanity.io/images/e5fj2khm/production/6a585e9f777fca9f42b23617ae34584cf151203b-680x662.png
image-03a3ebb122d39d0e24c41aeb90b65bc2f9650903-512x512-png,2026-07-09T13:33:14Z,2026-07-09T13:33:14Z,adena.png,png,image/png,512,512,1,422982,false,#81b9f6,#6caae8,#8c7a73,1,releaseNote,1-39-1-reports,https://cdn.sanity.io/images/e5fj2khm/production/03a3ebb122d39d0e24c41aeb90b65bc2f9650903-512x512.png
image-0c0cb119004074eb2bcdf3e77cc427e65279c9a9-4032x3024-jpg,2026-07-09T13:35:14Z,2026-07-09T13:35:14Z,IMG_1505 (1).jpeg,jpg,image/jpeg,4032,3024,1.3333333333333333,4228788,false,#8e7b65,#ac5c44,#8e7b65,1,releaseNote,1-39-1-reports,https://cdn.sanity.io/images/e5fj2khm/production/0c0cb119004074eb2bcdf3e77cc427e65279c9a9-4032x3024.jpg
image-822ada74a88702153207c3b3dc5106e096b9ce75-1632x885-png,2026-07-09T13:42:46Z,2026-07-09T13:42:46Z,Frame 8.png,png,image/png,1632,885,1.8440677966101695,841713,true,#fcecdc,#ea7f14,#609776,0,,,https://cdn.sanity.io/images/e5fj2khm/production/822ada74a88702153207c3b3dc5106e096b9ce75-1632x885.png
image-3fbcccbf805551116b75e867e983915232f9e76d-726x734-png,2026-07-09T13:51:16Z,2026-07-09T13:51:16Z,Screenshot 2026-07-09 at 9.50.23 AM.png,png,image/png,726,734,0.989100817438692,393815,true,#d2bd9c,#b78b68,#8e7555,1,releaseNote,1-39-1-reports,https://cdn.sanity.io/images/e5fj2khm/production/3fbcccbf805551116b75e867e983915232f9e76d-726x734.png
image-6d58eeb202643e2e57bd35d1e5d147a1ead51234-1632x840-png,2026-07-09T13:59:28Z,2026-07-09T13:59:28Z,Frame 9.png,png,image/png,1632,840,1.9428571428571428,840255,true,#fcecdc,#df5f1f,#738b7a,2,releaseNote,1-39-1-reports,https://cdn.sanity.io/images/e5fj2khm/production/6d58eeb202643e2e57bd35d1e5d147a1ead51234-1632x840.png
image-e952df4c62f9a82926e26269ee3908e59e51ba93-4141x2944-png,2026-07-16T14:41:27Z,2026-07-16T14:41:27Z,Postcard texture.png,png,image/png,4141,2944,1.4065896739130435,8123267,true,#acbc44,#acbc44,#97a14f,1,releaseNote,granola,https://cdn.sanity.io/images/e5fj2khm/production/e952df4c62f9a82926e26269ee3908e59e51ba93-4141x2944.png
image-dafe5fbf65e16384d87a523332d611b379728409-3352x2100-png,2026-07-16T15:03:14Z,2026-07-16T15:03:14Z,Postcard texture2.png,png,image/png,3352,2100,1.5961904761904762,4400235,true,#b4bc5b,#b4bc5b,#9ca75a,0,,,https://cdn.sanity.io/images/e5fj2khm/production/dafe5fbf65e16384d87a523332d611b379728409-3352x2100.png
image-064cd38b1e539effc94b89779357a0069972f0b6-3406x1918-png,2026-07-16T15:11:02Z,2026-07-16T15:11:02Z,CleanShot 2026-07-15 at 21.19.18@2x.png,png,image/png,3406,1918,1.775808133472367,1370431,true,#0d82ec,#0d82ec,#5c7eaa,0,,,https://cdn.sanity.io/images/e5fj2khm/production/064cd38b1e539effc94b89779357a0069972f0b6-3406x1918.png
image-4441ef319feddbf502a7dafd77f3e8ac5fb59451-3352x2100-png,2026-07-16T15:19:43Z,2026-07-16T15:19:43Z,granola_alt.png,png,image/png,3352,2100,1.5961904761904762,1367375,true,#414141,#a2b623,#879146,0,,,https://cdn.sanity.io/images/e5fj2khm/production/4441ef319feddbf502a7dafd77f3e8ac5fb59451-3352x2100.png
image-8ecfec1f7947b21ad2c90ef4af1bc93d596ff4fc-6704x4199-png,2026-07-16T15:21:36Z,2026-07-16T15:21:36Z,Postcard texture_alt_upres.png,png,image/png,6704,4199,1.5965706120504881,4363146,true,#424241,#a0b420,#94a454,0,,,https://cdn.sanity.io/images/e5fj2khm/production/8ecfec1f7947b21ad2c90ef4af1bc93d596ff4fc-6704x4199.png
image-201c9939117dd35c42901d545c58ae295cdd5afc-3352x2100-png,2026-07-16T15:48:29Z,2026-07-16T15:48:29Z,Postcard_v3.png,png,image/png,3352,2100,1.5961904761904762,1339729,true,#414141,#a2b723,#879147,0,,,https://cdn.sanity.io/images/e5fj2khm/production/201c9939117dd35c42901d545c58ae295cdd5afc-3352x2100.png
image-64c3bb00a6e898e6b36ac83ec6e2580ceae66aee-3134x1890-png,2026-07-16T15:52:25Z,2026-07-16T15:52:25Z,Postcardv5.png,png,image/png,3134,1890,1.6582010582010582,818582,true,#bec68f,#c4d44c,#a4b474,0,,,https://cdn.sanity.io/images/e5fj2khm/production/64c3bb00a6e898e6b36ac83ec6e2580ceae66aee-3134x1890.png
image-e1d40275a4db1db1eed6580fb51c1c1405a823cf-3352x2100-png,2026-07-16T15:53:09Z,2026-07-16T15:53:09Z,Postcardv6.png,png,image/png,3352,2100,1.5961904761904762,1350933,true,#414141,#a2b723,#879147,0,,,https://cdn.sanity.io/images/e5fj2khm/production/e1d40275a4db1db1eed6580fb51c1c1405a823cf-3352x2100.png
image-9cce832a558793a50b03db54a4fb8af53189f7ba-3352x2100-png,2026-07-16T16:55:15Z,2026-07-16T16:55:15Z,Postcard texture3.png,png,image/png,3352,2100,1.5961904761904762,8844020,true,#cccc6b,#cccc6b,#b1b96d,0,,,https://cdn.sanity.io/images/e5fj2khm/production/9cce832a558793a50b03db54a4fb8af53189f7ba-3352x2100.png
image-1ff2f1d077290674fc5560c0e80981bc99dcea8d-3352x2100-png,2026-07-16T17:02:26Z,2026-07-16T17:02:26Z,Postcard texturev5.png,png,image/png,3352,2100,1.5961904761904762,8845431,true,#262620,#c5d054,#9da266,1,releaseNote,granola,https://cdn.sanity.io/images/e5fj2khm/production/1ff2f1d077290674fc5560c0e80981bc99dcea8d-3352x2100.png
image-7706213fafd4180c332127a14ebf7ee1919200d0-1089x1107-png,2026-07-23T06:39:44Z,2026-07-23T06:39:44Z,ask-user-question-snapshot.png,png,image/png,1089,1107,0.983739837398374,1558381,true,#8ddcc8,#63b6a0,#61ab9c,0,,,https://cdn.sanity.io/images/e5fj2khm/production/7706213fafd4180c332127a14ebf7ee1919200d0-1089x1107.png
image-264ce214b62c572d68cc4ff261cc81368bb00b80-1089x1107-png,2026-07-23T06:42:19Z,2026-07-23T06:42:19Z,ask-user-question-snapshot.png,png,image/png,1089,1107,0.983739837398374,1688680,true,#8cdcc7,#62b89d,#62a294,1,releaseNote,questions,https://cdn.sanity.io/images/e5fj2khm/production/264ce214b62c572d68cc4ff261cc81368bb00b80-1089x1107.png
image-ad766c7e79adc3bfbcbabaa6e4f4fc18a365802f-1298x720-png,2026-07-23T12:31:13Z,2026-07-23T12:31:13Z,"petersburgh's finest, on the case! 2.png",png,image/png,1298,720,1.8027777777777778,1968079,true,#d7d5b6,#c99a3b,#b1a164,2,releaseNote,questions,https://cdn.sanity.io/images/e5fj2khm/production/ad766c7e79adc3bfbcbabaa6e4f4fc18a365802f-1298x720.png
image-30f694a45018b83fac1c37abd8f093c08d68e2e1-4356x3000-png,2026-07-29T14:46:46Z,2026-07-29T14:46:46Z,2026-07-23 Dia for Windows.png,png,image/png,4356,3000,1.452,6889690,true,#9cbad3,#148cfc,#66849c,0,,,https://cdn.sanity.io/images/e5fj2khm/production/30f694a45018b83fac1c37abd8f093c08d68e2e1-4356x3000.png
image-a52a9d83286e89645806b2ca9c9b1fae31d828f3-4096x3464-png,2026-07-29T14:53:28Z,2026-07-29T14:53:28Z,Frame 3466765.png,png,image/png,4096,3464,1.1824480369515011,6470914,true,#42341d,#0860ea,#817973,1,windowsPage,Dia on Windows,https://cdn.sanity.io/images/e5fj2khm/production/a52a9d83286e89645806b2ca9c9b1fae31d828f3-4096x3464.png
image-81f9e47055caad0876bff575d9fed36c577da7de-1920x1080-png,2026-07-30T05:51:10Z,2026-07-30T05:51:10Z,AnPainting.png,png,image/png,1920,1080,1.7777777777777777,2956173,true,#ccb3a2,#c8a780,#b28c6b,1,releaseNote,windows-wednesdays,https://cdn.sanity.io/images/e5fj2khm/production/81f9e47055caad0876bff575d9fed36c577da7de-1920x1080.png
image-8c87ec5ce0e7b5599894f8d02291c982f3e38ffd-1544x1856-jpg,2026-07-30T05:59:17Z,2026-07-30T05:59:17Z,IMG_3063.jpeg,jpg,image/jpeg,1544,1856,0.8318965517241379,668340,false,#847e72,#1d3bdf,#847e72,0,,,https://cdn.sanity.io/images/e5fj2khm/production/8c87ec5ce0e7b5599894f8d02291c982f3e38ffd-1544x1856.jpg
image-9358263d9ce3c1864d6a5814d8d515048b8d4b57-1089x1107-png,2026-07-30T06:00:57Z,2026-07-30T06:00:57Z,windows.png,png,image/png,1089,1107,0.983739837398374,1199534,true,#bfadaa,#173ce7,#82807d,0,,,https://cdn.sanity.io/images/e5fj2khm/production/9358263d9ce3c1864d6a5814d8d515048b8d4b57-1089x1107.png
image-3e56b7179885baf74747803eface504f8fe94164-3352x2100-png,2026-07-30T08:24:12Z,2026-07-30T08:24:12Z,AnPostcard.png,png,image/png,3352,2100,1.5961904761904762,6885587,true,#d5bba1,#d7b688,#af8967,1,releaseNote,windows-wednesdays,https://cdn.sanity.io/images/e5fj2khm/production/3e56b7179885baf74747803eface504f8fe94164-3352x2100.png
image-fa67d6427ba617e86a63414c02d86589752531a3-672x324-png,2026-07-30T09:19:56Z,2026-07-30T09:19:56Z,Screenshot 2026-07-30 at 11.04.43.png,png,image/png,672,324,2.074074074074074,235576,true,#3a3a3c,#3f3fbf,#7b7c7c,0,,,https://cdn.sanity.io/images/e5fj2khm/production/fa67d6427ba617e86a63414c02d86589752531a3-672x324.png
image-bcde218c6dcf4ec2a53705bc11d7f20daf469235-607x340-jpg,2026-07-30T13:51:46Z,2026-07-30T13:51:46Z,IMG_3072.jpg,jpg,image/jpeg,607,340,1.785294117647059,47563,false,#444444,#7f7f7f,#848484,1,releaseNote,windows-wednesdays,https://cdn.sanity.io/images/e5fj2khm/production/bcde218c6dcf4ec2a53705bc11d7f20daf469235-607x340.jpg
image-7de51ef25aa0a021edf70044c50da9e724b650c1-3024x4032-jpg,2026-07-30T16:28:57Z,2026-07-30T16:28:57Z,IMG_3350.jpg,jpg,image/jpeg,3024,4032,0.75,2020891,false,#594131,#bc7124,#af8767,1,releaseNote,windows-wednesdays,https://cdn.sanity.io/images/e5fj2khm/production/7de51ef25aa0a021edf70044c50da9e724b650c1-3024x4032.jpg
